Area Name,Time Period,Motorcycle Density,Doctors Accessibility,Vehicles Density,Primary School Attendance,Secondary School Attendance,Assistance and Care Allowance Share,Poverty Share,Local Roads Density,Main Roads Accessibility,Net Migrations per 1000 inhabitants
Barajevo,2012,2,1,3,3,3,1,1,1,1,3
Barajevo,2013,2,1,3,3,3,1,1,1,1,3
Barajevo,2014,2,1,3,3,3,1,1,1,1,3
Barajevo,2015,2,1,3,3,3,1,1,2,1,3
Barajevo,2016,2,1,3,3,3,1,1,2,1,3
Barajevo,2017,2,1,3,3,3,1,1,2,1,3
Barajevo,2018,2,1,3,3,3,1,1,3,1,3
Barajevo,2019,2,1,3,3,3,1,1,U,1,3
Barajevo,2020,2,1,3,3,3,1,1,U,1,3
Barajevo,2021,2,1,3,3,3,1,1,U,1,3
Voždovac,2012,3,1,3,3,3,1,1,3,U,3
Voždovac,2013,3,1,3,3,3,1,1,3,U,3
Voždovac,2014,3,1,3,3,3,1,1,3,U,3
Voždovac,2015,3,1,3,3,3,1,1,3,U,3
Voždovac,2016,3,1,3,3,3,1,1,3,U,3
Voždovac,2017,3,1,3,3,3,1,1,3,U,3
Voždovac,2018,3,1,3,3,3,1,1,3,U,3
Voždovac,2019,3,1,3,3,3,1,1,U,U,3
Voždovac,2020,3,1,3,3,3,1,1,U,U,3
Voždovac,2021,3,1,3,3,3,1,1,U,U,3
Vračar,2012,3,3,3,2,1,1,1,3,U,3
Vračar,2013,3,3,3,2,1,1,1,3,U,3
Vračar,2014,3,3,3,2,1,1,1,3,U,3
Vračar,2015,3,3,3,2,1,1,1,3,U,3
Vračar,2016,3,3,3,2,1,1,1,3,U,3
Vračar,2017,3,3,3,3,1,1,1,3,U,3
Vračar,2018,3,3,3,3,1,1,1,3,U,3
Vračar,2019,3,3,3,3,1,1,2,U,U,3
Vračar,2020,3,3,3,3,1,1,2,U,U,3
Vračar,2021,3,3,3,3,1,1,1,U,U,3
Grocka,2012,3,1,3,3,3,1,1,2,U,3
Grocka,2013,3,1,3,3,3,1,1,3,U,3
Grocka,2014,3,1,3,3,3,1,1,3,U,3
Grocka,2015,3,1,3,3,3,1,1,3,U,3
Grocka,2016,3,1,3,3,3,1,1,3,U,3
Grocka,2017,3,1,3,3,3,1,1,3,U,3
Grocka,2018,3,1,3,3,3,1,1,3,U,3
Grocka,2019,3,1,3,3,3,1,1,U,U,3
Grocka,2020,3,1,3,3,3,1,1,U,U,3
Grocka,2021,3,1,3,3,3,1,1,U,U,3
Zvezdara,2012,3,3,3,3,3,1,1,3,U,3
Zvezdara,2013,3,3,3,3,3,1,1,3,U,3
Zvezdara,2014,3,3,3,3,3,1,1,3,U,3
Zvezdara,2015,3,3,3,3,3,1,1,3,U,3
Zvezdara,2016,3,3,3,3,3,1,1,3,U,3
Zvezdara,2017,3,3,3,3,3,1,1,3,U,3
Zvezdara,2018,3,3,3,3,3,1,1,3,U,3
Zvezdara,2019,3,3,3,3,3,1,1,U,U,3
Zvezdara,2020,3,3,3,3,3,1,1,U,U,3
Zvezdara,2021,3,3,3,3,3,1,1,U,U,3
Zemun,2012,3,3,3,3,3,1,1,2,1,3
Zemun,2013,3,3,3,3,3,1,1,3,U,3
Zemun,2014,3,3,3,3,3,1,1,3,U,3
Zemun,2015,3,3,3,3,3,1,1,3,U,3
Zemun,2016,3,3,3,3,3,1,1,3,U,3
Zemun,2017,3,3,3,3,3,1,1,3,U,3
Zemun,2018,3,3,3,3,3,1,1,3,U,3
Zemun,2019,3,3,3,3,3,1,1,U,U,3
Zemun,2020,3,3,3,3,3,1,1,U,U,3
Zemun,2021,3,3,3,3,3,1,1,U,U,3
Lazarevac,2012,3,2,3,2,3,1,1,1,2,3
Lazarevac,2013,3,2,3,2,3,1,1,1,1,3
Lazarevac,2014,3,2,3,2,3,1,1,1,1,2
Lazarevac,2015,3,2,3,2,3,1,1,3,1,1
Lazarevac,2016,3,2,3,2,3,1,1,3,1,2
Lazarevac,2017,3,2,3,2,3,1,1,3,2,1
Lazarevac,2018,3,2,3,2,3,1,1,3,2,2
Lazarevac,2019,3,2,3,2,3,1,1,U,2,2
Lazarevac,2020,3,2,3,2,3,1,1,U,2,2
Lazarevac,2021,3,2,3,2,3,1,1,U,2,1
Mladenovac,2012,3,2,3,3,3,1,1,2,1,3
Mladenovac,2013,3,2,3,3,3,1,2,3,1,3
Mladenovac,2014,3,2,3,3,3,1,1,3,1,3
Mladenovac,2015,3,2,3,3,3,1,1,3,1,3
Mladenovac,2016,3,2,3,3,3,1,2,3,1,3
Mladenovac,2017,3,2,3,3,3,1,2,3,1,3
Mladenovac,2018,3,2,3,3,3,2,2,3,1,3
Mladenovac,2019,2,2,3,3,3,1,2,U,1,2
Mladenovac,2020,3,2,3,3,3,2,2,U,1,3
Mladenovac,2021,3,2,3,3,3,1,2,U,1,2
NoviBeograd,2012,3,2,3,3,3,1,1,3,U,2
NoviBeograd,2013,3,2,3,3,3,1,1,3,U,3
NoviBeograd,2014,3,2,3,3,3,1,1,3,U,3
NoviBeograd,2015,3,2,3,3,3,1,1,3,U,3
NoviBeograd,2016,3,2,3,3,3,1,1,3,U,3
NoviBeograd,2017,3,2,3,3,3,1,1,3,U,3
NoviBeograd,2018,3,2,3,3,3,1,1,3,U,3
NoviBeograd,2019,3,2,3,3,3,1,1,U,U,3
NoviBeograd,2020,3,2,3,3,3,1,1,U,U,2
NoviBeograd,2021,3,2,3,3,3,1,1,U,U,2
Obrenovac,2012,3,1,3,3,3,1,2,1,1,3
Obrenovac,2013,3,1,3,3,3,1,1,1,U,3
Obrenovac,2014,3,1,3,3,3,1,1,2,1,3
Obrenovac,2015,3,1,3,3,3,1,1,3,1,3
Obrenovac,2016,3,1,3,3,3,1,2,3,1,3
Obrenovac,2017,3,1,3,3,3,1,2,3,1,3
Obrenovac,2018,3,1,3,3,3,1,2,3,1,3
Obrenovac,2019,3,1,3,3,3,1,1,U,1,3
Obrenovac,2020,3,2,3,3,3,1,1,U,1,3
Obrenovac,2021,3,1,3,3,3,1,1,U,1,3
Palilula(Belgrade),2012,3,1,3,3,3,1,1,2,1,3
Palilula(Belgrade),2013,3,1,3,3,3,1,1,3,1,3
Palilula(Belgrade),2014,3,1,3,3,3,1,1,3,1,3
Palilula(Belgrade),2015,3,1,3,3,3,1,1,3,1,3
Palilula(Belgrade),2016,3,1,3,3,3,1,1,3,1,3
Palilula(Belgrade),2017,3,1,3,3,3,1,1,3,1,3
Palilula(Belgrade),2018,3,1,3,3,3,1,1,3,1,3
Palilula(Belgrade),2019,3,1,3,3,3,1,1,U,1,3
Palilula(Belgrade),2020,3,1,3,3,3,1,1,U,1,3
Palilula(Belgrade),2021,3,1,3,3,3,1,1,U,1,3
Rakovica,2012,3,1,3,3,3,1,1,1,U,3
Rakovica,2013,3,1,3,3,3,1,1,3,U,3
Rakovica,2014,3,1,3,3,3,1,1,3,U,3
Rakovica,2015,3,1,3,3,3,1,1,3,U,3
Rakovica,2016,3,1,3,3,3,1,1,3,U,3
Rakovica,2017,3,1,3,3,3,1,1,3,1,2
Rakovica,2018,3,1,3,3,3,1,1,3,1,3
Rakovica,2019,3,1,3,3,3,1,1,U,1,3
Rakovica,2020,3,1,3,3,3,1,1,U,1,3
Rakovica,2021,3,1,3,3,3,1,1,U,1,2
Savskivenac,2012,3,3,3,2,1,1,1,3,U,1
Savskivenac,2013,3,3,3,2,1,1,1,3,U,1
Savskivenac,2014,3,3,3,2,1,1,1,3,U,1
Savskivenac,2015,3,3,3,1,1,1,1,3,U,1
Savskivenac,2016,3,3,3,1,1,1,1,3,U,1
Savskivenac,2017,3,3,3,1,1,1,1,3,U,1
Savskivenac,2018,3,3,3,2,1,1,1,3,U,1
Savskivenac,2019,3,3,3,1,1,1,1,U,U,1
Savskivenac,2020,3,3,3,1,1,1,1,U,U,1
Savskivenac,2021,3,3,3,1,1,1,1,U,U,2
Sopot,2012,1,1,2,2,1,1,2,2,U,3
Sopot,2013,2,1,2,2,1,1,2,2,U,3
Sopot,2014,2,1,2,2,1,1,2,3,U,3
Sopot,2015,2,1,2,2,1,1,2,3,U,3
Sopot,2016,2,1,2,2,1,1,2,3,U,3
Sopot,2017,2,1,2,2,1,1,2,3,1,2
Sopot,2018,2,1,2,2,1,1,2,3,1,3
Sopot,2019,2,1,2,2,1,1,2,U,1,3
Sopot,2020,2,1,3,2,1,1,3,U,1,3
Sopot,2021,2,1,3,2,1,1,3,U,1,3
Starigrad,2012,3,3,3,2,1,1,1,3,U,2
Starigrad,2013,3,3,3,2,1,1,1,3,U,1
Starigrad,2014,3,3,3,2,1,1,1,3,U,1
Starigrad,2015,3,3,3,2,1,1,1,3,U,1
Starigrad,2016,3,3,3,2,1,1,1,3,U,1
Starigrad,2017,3,3,3,2,1,1,1,3,U,1
Starigrad,2018,3,3,3,2,1,1,1,3,U,1
Starigrad,2019,3,3,3,2,1,1,1,U,U,1
Starigrad,2020,3,3,3,2,1,1,1,U,U,1
Starigrad,2021,3,3,3,2,1,1,1,U,U,2
Surčin,2012,3,U,3,3,3,1,1,2,U,3
Surčin,2013,3,U,3,3,3,1,1,2,U,3
Surčin,2014,3,U,3,3,3,1,1,2,U,3
Surčin,2015,3,U,3,3,3,1,1,3,U,3
Surčin,2016,3,U,3,3,3,1,1,3,U,3
Surčin,2017,3,U,3,3,3,1,1,3,U,3
Surčin,2018,3,U,3,3,3,1,1,3,U,3
Surčin,2019,3,U,3,3,3,1,2,U,U,3
Surčin,2020,3,U,3,3,3,1,2,U,U,3
Surčin,2021,3,U,3,3,3,1,2,U,U,3
Čukarica,2012,3,1,3,3,3,1,1,3,1,3
Čukarica,2013,3,1,3,3,3,1,1,3,1,2
Čukarica,2014,3,1,3,3,3,1,1,3,1,2
Čukarica,2015,3,1,3,3,3,1,1,3,1,2
Čukarica,2016,3,1,3,3,3,1,1,3,1,1
Čukarica,2017,3,1,3,3,3,1,1,3,1,2
Čukarica,2018,3,1,3,3,3,1,1,3,1,2
Čukarica,2019,3,1,3,3,3,1,1,U,1,3
Čukarica,2020,3,1,3,3,3,1,2,U,1,3
Čukarica,2021,3,1,3,3,3,1,2,U,1,2
Sombor,2012,2,3,2,1,2,1,2,1,2,2
Sombor,2013,2,3,2,1,2,1,2,2,2,2
Sombor,2014,2,3,2,1,2,1,2,2,2,2
Sombor,2015,2,3,2,1,2,1,2,2,2,2
Sombor,2016,2,3,2,1,2,1,2,2,2,2
Sombor,2017,2,3,2,1,2,1,2,2,U,2
Sombor,2018,2,3,2,1,2,1,2,2,U,2
Sombor,2019,3,3,2,1,2,1,3,U,2,2
Sombor,2020,3,3,2,1,2,1,2,U,2,2
Sombor,2021,3,3,2,1,2,1,2,U,2,2
Apatin,2012,2,2,2,2,2,1,3,1,U,1
Apatin,2013,2,1,2,2,2,1,3,2,1,2
Apatin,2014,2,1,2,2,1,1,3,2,U,2
Apatin,2015,2,1,2,2,1,1,3,2,U,2
Apatin,2016,2,1,2,2,1,1,3,2,U,2
Apatin,2017,3,1,2,2,1,1,3,2,2,2
Apatin,2018,3,1,2,2,1,1,3,2,2,2
Apatin,2019,3,1,2,2,2,1,3,U,U,2
Apatin,2020,3,1,2,2,2,1,3,U,U,2
Apatin,2021,3,1,2,2,2,1,3,U,U,2
Kula,2012,2,1,2,2,2,2,2,1,2,2
Kula,2013,2,2,2,2,2,2,2,2,2,2
Kula,2014,2,1,2,2,2,2,3,2,2,1
Kula,2015,2,1,2,2,2,2,2,2,2,2
Kula,2016,2,1,2,2,2,2,2,2,2,2
Kula,2017,2,1,2,2,2,2,2,2,2,1
Kula,2018,2,1,2,2,2,1,3,2,2,2
Kula,2019,3,1,2,2,2,1,2,U,1,2
Kula,2020,3,1,2,2,2,1,2,U,1,2
Kula,2021,3,1,3,2,2,1,2,U,2,2
Odžaci,2012,2,2,2,1,2,2,2,1,2,1
Odžaci,2013,2,2,2,1,2,2,1,2,3,1
Odžaci,2014,2,2,2,1,1,3,2,2,3,1
Odžaci,2015,2,1,2,1,2,3,2,2,3,1
Odžaci,2016,2,1,2,1,1,3,3,2,3,2
Odžaci,2017,2,2,2,1,1,3,3,2,3,2
Odžaci,2018,2,2,2,1,1,3,2,2,3,2
Odžaci,2019,3,1,2,1,1,3,2,U,2,1
Odžaci,2020,3,1,2,1,1,2,3,U,2,2
Odžaci,2021,3,1,2,1,1,2,3,U,2,2
Pančevo,2012,3,3,3,2,3,2,1,2,1,2
Pančevo,2013,3,3,3,2,2,2,1,2,1,3
Pančevo,2014,3,3,3,2,2,2,1,2,1,2
Pančevo,2015,3,3,3,2,2,1,1,3,1,2
Pančevo,2016,3,3,3,2,2,1,1,2,1,3
Pančevo,2017,3,3,3,2,2,1,1,3,1,2
Pančevo,2018,3,3,3,2,2,2,1,3,1,3
Pančevo,2019,3,2,3,2,2,2,1,U,1,3
Pančevo,2020,3,3,3,2,2,2,1,U,1,3
Pančevo,2021,3,3,3,2,2,1,1,U,1,3
Alibunar,2012,2,2,1,1,2,3,2,1,2,2
Alibunar,2013,2,1,1,1,2,3,3,2,2,2
Alibunar,2014,2,1,1,1,2,3,3,2,2,2
Alibunar,2015,2,2,1,1,2,3,3,2,2,2
Alibunar,2016,2,1,1,1,2,3,3,2,2,2
Alibunar,2017,2,1,1,1,2,3,3,2,2,2
Alibunar,2018,2,1,1,1,2,3,3,2,2,2
Alibunar,2019,1,1,1,1,2,3,3,U,2,2
Alibunar,2020,2,1,1,1,2,3,3,U,2,2
Alibunar,2021,2,2,1,1,2,3,3,U,2,3
BelaCrkva,2012,2,2,1,1,1,2,3,1,2,1
BelaCrkva,2013,2,2,1,1,1,2,3,2,U,2
BelaCrkva,2014,2,2,1,1,1,2,3,2,U,2
BelaCrkva,2015,2,2,2,1,1,2,3,2,U,2
BelaCrkva,2016,2,2,2,1,1,2,3,2,U,2
BelaCrkva,2017,2,2,2,1,1,3,3,2,2,2
BelaCrkva,2018,2,2,2,1,1,3,3,2,2,2
BelaCrkva,2019,2,2,2,1,1,3,3,U,2,2
BelaCrkva,2020,3,2,2,1,1,2,3,U,2,2
BelaCrkva,2021,3,2,2,1,1,2,3,U,3,2
Vršac,2012,2,3,2,2,2,1,3,1,2,2
Vršac,2013,3,3,2,2,2,1,3,2,3,2
Vršac,2014,2,3,2,2,2,1,3,2,3,2
Vršac,2015,2,3,2,2,2,1,3,2,3,2
Vršac,2016,2,3,2,2,2,1,3,2,3,2
Vršac,2017,2,3,2,2,2,1,2,2,2,2
Vršac,2018,2,3,2,2,2,2,3,2,2,2
Vršac,2019,3,3,2,2,2,2,3,U,2,2
Vršac,2020,3,3,2,2,2,1,3,U,2,2
Vršac,2021,3,3,2,1,2,1,3,U,2,2
Kovačica,2012,1,1,1,1,3,2,2,2,2,2
Kovačica,2013,1,1,1,1,3,3,3,2,U,2
Kovačica,2014,1,1,1,1,3,2,3,2,U,2
Kovačica,2015,1,1,1,1,3,2,3,2,U,2
Kovačica,2016,1,1,1,1,3,2,3,2,U,3
Kovačica,2017,1,1,1,1,3,2,3,2,U,2
Kovačica,2018,1,1,1,1,3,2,3,2,U,2
Kovačica,2019,1,1,1,1,3,2,3,U,U,3
Kovačica,2020,1,1,1,1,3,2,3,U,U,2
Kovačica,2021,1,2,1,1,3,1,3,U,U,3
Kovin,2012,2,3,1,1,3,3,3,1,2,1
Kovin,2013,2,3,1,1,3,3,3,2,2,2
Kovin,2014,2,3,1,1,3,3,3,2,2,2
Kovin,2015,2,3,1,1,3,3,3,2,2,2
Kovin,2016,2,3,1,1,3,3,3,2,2,2
Kovin,2017,2,3,1,1,3,3,3,2,2,2
Kovin,2018,2,3,1,1,2,3,3,2,2,2
Kovin,2019,2,3,2,1,2,3,3,U,2,2
Kovin,2020,2,3,2,1,2,3,3,U,2,2
Kovin,2021,2,3,2,1,2,3,3,U,2,2
Opovo,2012,2,2,1,3,3,1,2,2,U,1
Opovo,2013,1,2,1,3,3,1,3,2,U,1
Opovo,2014,2,2,1,3,3,1,3,2,U,2
Opovo,2015,2,2,1,3,3,1,3,2,U,1
Opovo,2016,1,2,1,3,3,1,3,2,U,1
Opovo,2017,2,2,1,3,3,1,3,2,U,2
Opovo,2018,1,2,2,3,2,1,3,2,U,2
Opovo,2019,1,2,2,3,2,1,3,U,U,1
Opovo,2020,1,2,2,3,2,1,3,U,U,2
Opovo,2021,2,2,2,3,2,1,3,U,U,3
Plandište,2012,1,1,1,1,2,1,3,1,3,2
Plandište,2013,2,2,1,1,2,1,3,2,3,1
Plandište,2014,2,2,1,1,2,1,3,2,3,3
Plandište,2015,2,1,1,1,2,1,3,2,3,3
Plandište,2016,2,1,1,1,2,1,3,2,3,1
Plandište,2017,2,1,1,1,2,1,3,2,3,1
Plandište,2018,1,1,1,1,2,1,3,2,3,2
Plandište,2019,1,1,1,1,2,1,3,U,3,2
Plandište,2020,2,1,1,1,2,1,3,U,3,2
Plandište,2021,1,1,1,1,2,1,3,U,3,1
NoviSad,2013,U,U,U,3,3,U,U,U,1,3
NoviSad,2014,U,U,U,3,3,U,U,U,1,3
NoviSad,2015,U,U,U,3,3,U,U,U,1,3
NoviSad,2016,U,U,U,3,3,U,U,U,1,3
NoviSad,2017,U,U,U,3,3,U,U,U,1,3
NoviSad,2018,U,U,U,3,3,U,U,U,1,3
NoviSad,2019,U,U,U,3,3,U,U,U,1,3
Bač,2012,2,1,1,1,2,3,1,1,1,1
Bač,2013,2,1,1,1,2,3,1,2,1,2
Bač,2014,2,1,1,1,2,3,1,2,1,1
Bač,2015,2,1,1,1,1,3,1,2,1,1
Bač,2016,2,1,1,1,1,3,2,2,1,2
Bač,2017,2,1,1,1,1,3,3,2,1,2
Bač,2018,2,1,1,1,1,3,3,3,1,2
Bač,2019,2,1,1,1,1,3,3,U,1,1
Bač,2020,2,1,1,1,1,3,3,U,1,2
Bač,2021,2,1,1,1,1,3,2,U,1,2
BačkaPalanka,2012,3,2,2,2,3,2,1,1,2,2
BačkaPalanka,2013,3,2,2,2,3,2,1,2,2,2
BačkaPalanka,2014,3,1,2,2,3,2,1,2,2,2
BačkaPalanka,2015,3,1,2,2,3,2,1,2,2,2
BačkaPalanka,2016,3,1,3,2,3,2,1,2,2,2
BačkaPalanka,2017,3,1,3,2,3,2,1,2,2,2
BačkaPalanka,2018,3,1,3,2,3,2,1,2,2,2
BačkaPalanka,2019,3,1,3,2,3,2,1,U,2,2
BačkaPalanka,2020,3,1,3,2,3,2,1,U,2,2
BačkaPalanka,2021,3,1,3,2,3,2,1,U,2,2
BačkiPetrovac,2012,3,1,2,1,2,2,1,1,1,2
BačkiPetrovac,2013,3,2,2,1,2,2,1,3,1,3
BačkiPetrovac,2014,3,1,3,1,2,2,1,3,1,2
BačkiPetrovac,2015,3,1,3,1,1,2,1,3,1,3
BačkiPetrovac,2016,3,1,3,1,1,1,2,3,2,3
BačkiPetrovac,2017,3,1,3,1,1,1,2,3,1,3
BačkiPetrovac,2018,3,1,3,1,1,1,2,3,1,3
BačkiPetrovac,2019,3,1,3,1,1,1,1,U,1,2
BačkiPetrovac,2020,3,1,3,1,1,1,1,U,1,3
BačkiPetrovac,2021,3,1,3,1,1,1,1,U,1,3
Beočin,2012,2,1,2,3,3,1,3,1,U,3
Beočin,2013,2,1,2,3,3,1,3,2,U,2
Beočin,2014,2,1,2,3,3,1,3,2,U,2
Beočin,2015,2,1,2,3,3,1,3,3,U,2
Beočin,2016,2,1,2,3,3,1,3,3,U,2
Beočin,2017,2,1,2,3,3,1,3,3,U,3
Beočin,2018,2,1,2,3,3,1,3,3,U,2
Beočin,2019,3,1,3,3,3,1,3,U,U,2
Beočin,2020,3,1,3,3,3,1,2,U,U,3
Beočin,2021,3,1,3,3,3,1,2,U,U,3
Bečej,2012,3,2,2,2,2,1,3,2,1,2
Bečej,2013,3,2,2,2,2,2,3,2,1,2
Bečej,2014,3,2,2,2,2,2,3,2,2,2
Bečej,2015,3,2,2,2,2,2,3,2,2,3
Bečej,2016,3,2,2,2,2,2,3,2,2,2
Bečej,2017,3,1,2,2,2,2,3,2,1,2
Bečej,2018,3,1,2,2,2,2,3,3,1,2
Bečej,2019,3,1,2,2,2,2,2,U,1,3
Bečej,2020,3,1,2,2,2,2,2,U,1,2
Bečej,2021,3,1,2,2,2,2,2,U,1,3
Vrbas,2012,2,3,3,2,3,2,2,1,1,1
Vrbas,2013,2,3,3,2,3,2,2,1,1,1
Vrbas,2014,2,3,3,2,3,2,2,1,1,2
Vrbas,2015,2,3,3,2,3,2,2,2,1,1
Vrbas,2016,2,3,3,2,3,2,2,2,1,1
Vrbas,2017,2,3,3,2,3,2,2,2,1,1
Vrbas,2018,2,3,3,2,3,2,2,2,1,1
Vrbas,2019,3,3,3,2,3,2,2,U,1,1
Vrbas,2020,3,3,3,2,2,2,2,U,1,1
Vrbas,2021,3,3,3,2,2,2,2,U,1,2
Žabalj,2012,2,1,2,3,3,2,2,1,2,2
Žabalj,2013,2,1,2,3,3,2,2,1,2,2
Žabalj,2014,2,1,2,3,3,2,2,1,2,2
Žabalj,2015,2,1,2,3,3,2,2,2,2,2
Žabalj,2016,2,1,2,3,3,2,2,2,2,2
Žabalj,2017,2,1,2,3,3,2,2,2,2,2
Žabalj,2018,2,1,2,3,3,2,2,2,2,2
Žabalj,2019,2,1,2,3,3,2,2,U,2,2
Žabalj,2020,3,1,2,3,3,2,2,U,2,2
Žabalj,2021,3,1,2,3,3,1,2,U,2,2
Srbobran,2012,2,1,2,2,2,1,2,1,2,2
Srbobran,2013,2,1,2,1,2,1,3,1,3,2
Srbobran,2014,2,1,2,1,2,2,3,2,3,3
Srbobran,2015,2,1,2,1,2,1,3,2,3,2
Srbobran,2016,2,1,2,1,2,2,3,2,3,3
Srbobran,2017,2,1,2,1,2,2,3,2,2,2
Srbobran,2018,2,1,2,1,2,2,3,2,2,2
Srbobran,2019,2,1,2,1,2,2,3,U,2,2
Srbobran,2020,2,1,2,1,2,2,2,U,2,2
Srbobran,2021,2,1,2,1,2,1,2,U,2,3
SremskiKarlovci,2012,3,U,3,3,1,1,2,2,U,3
SremskiKarlovci,2013,3,U,3,3,1,1,2,3,2,2
SremskiKarlovci,2014,3,U,3,3,1,1,2,3,2,2
SremskiKarlovci,2015,3,U,3,3,1,1,2,3,U,1
SremskiKarlovci,2016,3,U,3,3,1,1,3,3,U,2
SremskiKarlovci,2017,3,U,3,3,1,1,2,3,U,2
SremskiKarlovci,2018,3,U,3,3,1,1,2,3,U,2
SremskiKarlovci,2019,3,U,3,3,1,1,2,U,U,2
SremskiKarlovci,2020,3,U,3,3,1,1,2,U,U,2
SremskiKarlovci,2021,3,1,3,3,1,1,1,U,U,3
Temerin,2012,3,1,3,3,3,1,1,1,1,3
Temerin,2013,3,1,3,3,3,1,1,1,1,3
Temerin,2014,3,1,3,3,3,1,1,1,1,2
Temerin,2015,3,1,3,3,3,1,1,3,1,2
Temerin,2016,3,1,3,3,3,1,1,3,U,2
Temerin,2017,3,1,3,3,3,1,1,3,U,2
Temerin,2018,3,1,3,3,3,1,1,3,U,3
Temerin,2019,3,1,3,3,3,1,1,U,U,3
Temerin,2020,3,1,3,3,3,1,1,U,U,3
Temerin,2021,3,1,3,2,3,1,1,U,U,3
Titel,2012,1,1,2,3,2,1,2,1,U,2
Titel,2013,2,1,2,3,2,1,2,1,U,3
Titel,2014,2,1,2,3,2,1,2,2,U,2
Titel,2015,2,1,2,3,2,1,2,2,U,2
Titel,2016,2,1,2,3,2,1,2,2,U,2
Titel,2017,2,1,2,3,2,2,3,2,U,3
Titel,2018,2,1,2,3,2,2,3,2,U,2
Titel,2019,2,1,2,3,2,1,3,U,U,3
Titel,2020,2,1,2,3,2,1,3,U,U,3
Titel,2021,2,1,2,3,2,2,1,U,U,3
Kikinda,2012,2,3,2,1,3,3,3,1,2,1
Kikinda,2013,2,3,2,1,3,3,3,1,3,1
Kikinda,2014,2,3,2,1,3,3,3,1,3,1
Kikinda,2015,2,3,2,1,3,3,3,2,3,2
Kikinda,2016,2,3,2,1,3,3,3,2,3,1
Kikinda,2017,2,3,2,1,3,3,3,2,2,1
Kikinda,2018,2,3,2,1,2,3,3,2,2,2
Kikinda,2019,3,3,2,1,2,3,3,U,2,2
Kikinda,2020,3,3,2,1,2,3,3,U,2,2
Kikinda,2021,3,3,2,1,2,3,3,U,2,2
Ada,2012,3,2,2,3,2,2,3,2,U,3
Ada,2013,3,2,2,3,2,1,3,3,U,2
Ada,2014,3,1,2,3,2,1,3,3,U,2
Ada,2015,3,1,2,3,2,1,3,3,U,2
Ada,2016,3,1,2,3,2,1,3,3,U,2
Ada,2017,3,1,2,3,2,1,3,3,U,3
Ada,2018,3,1,2,3,2,1,3,3,U,3
Ada,2019,3,1,2,3,2,1,3,U,U,2
Ada,2020,3,1,2,3,2,1,3,U,U,2
Ada,2021,3,1,2,2,2,1,3,U,U,2
Kanjiža,2012,3,2,2,3,3,1,3,1,2,2
Kanjiža,2013,3,2,2,3,3,1,3,2,2,2
Kanjiža,2014,3,2,2,3,3,1,3,2,2,3
Kanjiža,2015,3,2,2,3,3,1,3,3,2,3
Kanjiža,2016,3,2,2,3,3,1,3,3,2,3
Kanjiža,2017,3,2,2,3,3,1,3,3,2,3
Kanjiža,2018,3,2,2,3,3,1,2,3,2,3
Kanjiža,2019,3,2,2,3,3,1,2,U,2,3
Kanjiža,2020,3,2,2,2,3,1,2,U,2,3
Kanjiža,2021,3,2,2,2,2,1,2,U,2,3
NoviKneževac,2012,1,3,1,3,1,2,3,1,U,1
NoviKneževac,2013,1,3,1,3,1,2,3,2,U,2
NoviKneževac,2014,1,3,1,3,1,2,3,2,U,2
NoviKneževac,2015,2,3,1,3,1,2,3,2,U,2
NoviKneževac,2016,2,3,1,3,1,2,3,2,U,1
NoviKneževac,2017,2,3,1,3,1,2,3,2,1,2
NoviKneževac,2018,2,3,1,3,1,2,3,2,1,1
NoviKneževac,2019,2,3,1,3,1,2,3,U,1,2
NoviKneževac,2020,2,3,1,3,1,1,3,U,1,2
NoviKneževac,2021,2,3,1,3,1,1,3,U,1,2
Senta,2012,3,3,2,3,1,1,3,3,1,2
Senta,2013,3,3,2,3,1,1,3,3,U,2
Senta,2014,3,3,2,3,1,1,3,3,U,2
Senta,2015,3,3,2,3,1,1,3,3,U,2
Senta,2016,3,3,2,3,1,2,2,3,U,2
Senta,2017,3,3,2,3,1,2,2,3,U,3
Senta,2018,3,3,2,3,1,2,2,3,U,2
Senta,2019,3,3,3,2,1,2,2,U,U,2
Senta,2020,3,3,3,2,1,2,2,U,U,2
Senta,2021,3,3,3,2,1,2,2,U,U,2
Čoka,2012,1,1,1,1,1,2,3,1,3,1
Čoka,2013,1,1,1,1,1,2,3,1,3,2
Čoka,2014,2,1,1,1,1,2,3,1,3,2
Čoka,2015,2,1,1,1,1,2,3,2,3,2
Čoka,2016,1,1,1,1,1,3,3,2,3,2
Čoka,2017,2,1,1,1,1,2,3,2,3,1
Čoka,2018,2,1,1,1,1,2,3,2,3,2
Čoka,2019,2,1,1,1,1,2,3,U,3,3
Čoka,2020,2,1,1,1,1,1,3,U,3,2
Čoka,2021,2,1,1,1,1,1,3,U,3,3
Subotica,2012,3,3,3,2,3,1,1,2,1,3
Subotica,2013,3,3,3,2,3,1,1,3,1,3
Subotica,2014,3,3,3,2,3,1,2,3,1,3
Subotica,2015,3,3,3,2,3,1,2,3,1,3
Subotica,2016,3,3,3,2,3,1,2,3,1,3
Subotica,2017,3,3,3,2,3,1,2,3,1,3
Subotica,2018,3,3,3,2,3,1,3,3,1,3
Subotica,2019,3,3,3,2,3,1,2,U,1,3
Subotica,2020,3,3,3,2,3,1,2,U,1,3
Subotica,2021,3,3,3,2,3,1,2,U,1,3
BačkaTopola,2012,2,2,2,1,2,2,2,2,1,2
BačkaTopola,2013,2,2,2,1,2,2,2,2,U,2
BačkaTopola,2014,2,2,2,1,2,3,3,2,U,2
BačkaTopola,2015,2,2,2,1,2,2,3,3,U,2
BačkaTopola,2016,2,2,2,1,2,2,2,3,U,2
BačkaTopola,2017,2,1,2,1,2,2,2,3,U,2
BačkaTopola,2018,2,1,2,1,2,2,2,3,U,2
BačkaTopola,2019,3,1,2,1,2,2,2,U,U,2
BačkaTopola,2020,3,1,2,1,2,2,2,U,U,2
BačkaTopola,2021,3,1,2,1,2,2,2,U,U,2
MaliIđoš,2012,2,1,2,1,3,2,3,1,2,2
MaliIđoš,2013,2,1,2,1,3,3,3,1,U,3
MaliIđoš,2014,2,1,2,1,3,3,3,2,U,1
MaliIđoš,2015,2,1,2,1,3,3,3,2,U,2
MaliIđoš,2016,2,1,2,1,3,3,3,3,2,2
MaliIđoš,2017,2,1,2,1,3,3,3,3,U,3
MaliIđoš,2018,2,1,2,1,3,3,3,3,U,2
MaliIđoš,2019,3,1,2,1,3,3,3,U,U,3
MaliIđoš,2020,3,1,2,1,3,2,3,U,U,2
MaliIđoš,2021,3,1,2,1,3,2,3,U,U,2
Zrenjanin,2012,3,3,2,2,3,2,2,1,2,2
Zrenjanin,2013,3,3,3,2,3,2,2,2,2,2
Zrenjanin,2014,3,3,3,1,3,2,2,2,2,2
Zrenjanin,2015,3,3,3,1,3,2,2,2,2,2
Zrenjanin,2016,3,3,3,1,3,2,2,2,2,2
Zrenjanin,2017,3,3,3,1,3,2,1,2,2,2
Zrenjanin,2018,3,3,3,1,3,2,2,2,2,2
Zrenjanin,2019,3,3,3,1,3,2,2,U,2,2
Zrenjanin,2020,3,3,3,1,3,2,2,U,2,2
Zrenjanin,2021,3,3,3,1,3,2,2,U,2,2
Žitište,2012,2,1,1,2,3,1,3,1,2,1
Žitište,2013,2,1,1,2,3,1,3,1,3,1
Žitište,2014,2,1,1,2,3,2,2,1,3,1
Žitište,2015,2,1,1,2,3,2,3,2,3,2
Žitište,2016,2,1,1,2,3,2,3,2,3,2
Žitište,2017,2,1,1,2,3,2,3,2,2,1
Žitište,2018,2,1,1,2,3,3,2,2,2,2
Žitište,2019,2,1,1,2,3,2,3,U,2,2
Žitište,2020,2,1,1,2,3,2,3,U,2,1
Žitište,2021,2,1,1,2,3,2,3,U,2,3
NovaCrnja,2012,1,1,1,1,1,3,3,1,3,1
NovaCrnja,2013,1,2,1,1,1,3,3,1,3,1
NovaCrnja,2014,1,2,1,1,1,3,3,1,3,2
NovaCrnja,2015,1,1,1,1,1,3,3,2,3,1
NovaCrnja,2016,1,2,1,1,1,2,3,2,3,2
NovaCrnja,2017,1,1,1,1,1,3,3,2,3,1
NovaCrnja,2018,1,1,1,1,1,3,3,2,3,1
NovaCrnja,2019,1,1,1,1,1,3,3,U,3,1
NovaCrnja,2020,1,1,1,1,1,3,3,U,3,1
NovaCrnja,2021,1,1,1,1,1,2,3,U,3,2
NoviBečej,2012,2,1,1,2,3,1,3,1,2,2
NoviBečej,2013,2,2,1,2,3,1,3,1,2,2
NoviBečej,2014,2,2,1,2,3,1,3,1,2,2
NoviBečej,2015,2,1,1,2,3,1,3,2,2,2
NoviBečej,2016,2,1,1,2,3,2,3,2,2,2
NoviBečej,2017,2,1,1,2,3,2,3,2,2,2
NoviBečej,2018,2,1,1,2,3,2,3,2,2,2
NoviBečej,2019,2,1,1,2,3,2,3,U,2,2
NoviBečej,2020,2,1,1,2,3,1,3,U,2,2
NoviBečej,2021,2,1,1,2,3,1,3,U,2,2
Sečanj,2012,1,2,1,1,1,3,3,1,3,1
Sečanj,2013,1,2,1,1,1,3,3,1,3,1
Sečanj,2014,1,1,1,1,1,3,3,1,3,1
Sečanj,2015,1,2,1,1,1,3,3,2,3,1
Sečanj,2016,1,1,1,1,1,3,3,2,3,1
Sečanj,2017,1,1,1,1,1,3,3,2,3,1
Sečanj,2018,1,1,1,1,1,3,3,2,3,1
Sečanj,2019,1,1,1,1,1,3,3,U,3,1
Sečanj,2020,1,1,1,1,1,3,3,U,3,1
Sečanj,2021,1,1,1,1,1,3,3,U,3,1
SremskaMitrovica,2012,3,3,3,3,3,2,1,1,1,2
SremskaMitrovica,2013,3,3,3,3,3,2,2,2,1,2
SremskaMitrovica,2014,3,3,3,3,3,2,2,2,1,2
SremskaMitrovica,2015,3,3,3,3,3,2,2,3,1,2
SremskaMitrovica,2016,3,3,3,3,3,2,2,3,1,2
SremskaMitrovica,2017,3,3,3,3,3,2,2,3,1,2
SremskaMitrovica,2018,3,3,3,3,2,2,2,3,1,2
SremskaMitrovica,2019,3,3,3,3,2,2,2,U,1,2
SremskaMitrovica,2020,3,3,3,3,2,2,2,U,1,2
SremskaMitrovica,2021,3,3,3,2,2,2,2,U,1,2
Inđija,2012,3,2,3,2,3,2,2,1,2,3
Inđija,2013,3,2,3,2,3,2,2,2,U,3
Inđija,2014,3,2,3,2,3,2,2,3,U,2
Inđija,2015,3,2,3,2,3,2,2,3,U,3
Inđija,2016,3,2,3,2,3,2,3,3,U,2
Inđija,2017,3,2,3,2,3,3,2,3,U,3
Inđija,2018,3,2,3,2,3,2,2,3,U,2
Inđija,2019,3,2,3,2,3,2,2,U,U,3
Inđija,2020,3,2,3,2,3,2,2,U,U,2
Inđija,2021,3,2,3,2,3,2,2,U,U,2
Irig,2012,1,2,1,2,1,3,2,1,2,3
Irig,2013,2,2,2,2,1,3,2,2,2,2
Irig,2014,2,3,2,2,1,3,2,2,2,1
Irig,2015,2,3,2,2,1,3,3,3,2,3
Irig,2016,2,3,2,2,1,3,3,3,2,2
Irig,2017,2,2,2,1,1,3,3,3,2,2
Irig,2018,1,2,2,1,1,3,3,3,2,2
Irig,2019,1,3,2,1,1,3,3,U,2,1
Irig,2020,2,2,2,1,1,3,3,U,2,2
Irig,2021,2,2,2,1,1,3,3,U,2,2
Pećinci,2012,1,2,1,2,2,1,2,1,U,2
Pećinci,2013,1,2,1,2,2,1,2,1,U,3
Pećinci,2014,1,2,1,2,2,1,3,1,U,2
Pećinci,2015,1,2,1,2,2,2,2,2,U,2
Pećinci,2016,1,2,1,2,2,1,2,2,U,3
Pećinci,2017,1,1,1,2,2,1,2,2,U,2
Pećinci,2018,1,2,2,2,2,1,2,2,U,3
Pećinci,2019,1,1,2,2,2,2,2,U,U,2
Pećinci,2020,1,2,2,2,2,1,2,U,U,3
Pećinci,2021,2,2,2,2,2,1,2,U,U,2
Ruma,2012,2,1,3,2,2,2,2,1,1,2
Ruma,2013,2,1,3,2,2,2,2,2,1,2
Ruma,2014,3,1,3,2,2,2,2,2,1,2
Ruma,2015,3,1,3,2,2,2,3,2,1,2
Ruma,2016,2,1,3,2,2,2,3,2,1,3
Ruma,2017,3,1,3,1,2,2,3,2,1,3
Ruma,2018,2,1,3,1,2,2,3,2,1,3
Ruma,2019,3,1,3,1,2,2,3,U,1,3
Ruma,2020,3,1,3,1,2,2,3,U,1,3
Ruma,2021,3,1,3,1,2,2,3,U,1,2
StaraPazova,2012,3,2,3,3,3,1,1,1,1,2
StaraPazova,2013,3,1,3,3,3,1,1,3,U,3
StaraPazova,2014,3,1,3,3,3,2,1,3,U,3
StaraPazova,2015,3,1,3,3,3,2,1,3,U,3
StaraPazova,2016,3,1,3,3,3,2,1,3,U,3
StaraPazova,2017,3,1,3,3,3,2,1,3,U,3
StaraPazova,2018,3,1,3,3,3,2,1,3,U,3
StaraPazova,2019,3,1,3,3,3,2,1,U,U,3
StaraPazova,2020,3,1,3,3,3,2,1,U,U,3
StaraPazova,2021,3,1,3,3,3,2,1,U,U,3
Šid,2012,2,1,2,2,3,2,2,1,2,1
Šid,2013,2,1,2,2,3,2,2,1,U,2
Šid,2014,2,1,2,2,3,2,2,2,U,2
Šid,2015,2,1,2,2,2,2,2,2,U,1
Šid,2016,2,1,2,2,2,2,2,2,U,1
Šid,2017,2,1,2,2,2,2,2,2,1,1
Šid,2018,2,1,2,2,2,2,3,2,1,1
Šid,2019,2,1,2,2,2,2,2,U,1,1
Šid,2020,2,1,2,2,2,2,2,U,1,2
Šid,2021,2,1,2,2,2,3,2,U,1,1
CityofUžice,2021,2,3,3,3,2,3,2,U,2,1
CityofUžice,2020,2,3,3,3,2,3,2,U,2,1
CityofUžice,2011,2,3,3,3,2,2,1,1,2,2
CityofUžice,2012,2,3,3,3,2,2,1,1,2,2
CityofUžice,2013,2,3,3,3,2,2,1,2,2,1
CityofUžice,2014,2,3,3,3,2,2,1,2,2,2
CityofUžice,2015,2,3,3,3,2,2,1,3,2,2
CityofUžice,2016,2,3,3,3,2,2,1,3,2,1
CityofUžice,2017,2,3,3,3,2,2,1,3,2,1
CityofUžice,2018,2,3,3,3,2,2,1,3,2,1
Sevojno,2016,U,U,U,2,1,U,U,3,U,1
Sevojno,2017,U,U,U,2,1,U,U,3,U,1
Sevojno,2018,1,U,1,2,1,U,U,3,2,2
Sevojno,2019,U,U,U,2,1,U,U,U,2,2
Sevojno,2020,U,U,U,2,1,U,U,U,2,1
Sevojno,2021,U,U,U,2,1,U,U,U,2,2
Arilje,2012,2,2,2,2,2,3,1,1,1,3
Arilje,2013,2,2,2,2,2,3,1,1,2,2
Arilje,2014,2,2,2,2,2,3,1,1,1,2
Arilje,2015,2,1,2,2,2,3,1,2,1,2
Arilje,2016,2,1,2,2,2,3,1,2,1,2
Arilje,2017,2,1,2,2,2,3,1,3,2,2
Arilje,2018,2,1,2,2,2,3,1,3,2,2
Arilje,2019,2,1,2,2,2,3,1,U,2,2
Arilje,2020,2,1,2,1,2,3,1,U,2,1
Arilje,2021,2,1,2,1,2,3,1,U,2,2
BajinaBašta,2012,1,1,1,2,2,2,1,1,3,1
BajinaBašta,2013,1,1,1,2,2,3,1,2,3,2
BajinaBašta,2014,1,1,1,2,2,3,1,2,3,1
BajinaBašta,2015,1,1,1,2,2,3,1,2,3,2
BajinaBašta,2016,1,1,1,2,2,3,1,2,2,1
BajinaBašta,2017,1,1,1,2,2,3,1,3,3,2
BajinaBašta,2018,1,1,1,2,2,3,1,3,3,2
BajinaBašta,2019,1,1,1,2,2,3,1,U,3,2
BajinaBašta,2020,1,1,2,2,2,3,1,U,3,2
BajinaBašta,2021,2,1,2,2,2,3,1,U,3,2
Kosjerić,2012,1,1,1,2,1,2,1,1,3,1
Kosjerić,2013,1,1,1,2,1,2,1,2,3,2
Kosjerić,2014,1,1,1,2,1,3,1,2,3,1
Kosjerić,2015,1,1,1,2,1,2,1,2,3,1
Kosjerić,2016,1,1,1,2,1,3,1,3,3,1
Kosjerić,2017,1,1,1,2,1,3,1,3,3,2
Kosjerić,2018,1,2,1,2,1,3,1,3,3,1
Kosjerić,2019,1,2,1,2,1,3,1,U,3,1
Kosjerić,2020,1,2,1,2,1,3,1,U,3,1
Kosjerić,2021,1,2,1,1,1,3,1,U,3,2
NovaVaroš,2012,1,2,1,1,1,3,1,1,3,1
NovaVaroš,2013,1,2,1,1,1,3,2,1,3,1
NovaVaroš,2014,1,2,1,1,1,3,2,1,3,1
NovaVaroš,2015,1,2,1,1,1,3,2,1,3,1
NovaVaroš,2016,1,2,1,1,1,3,2,2,3,1
NovaVaroš,2017,1,2,1,1,1,3,2,3,3,1
NovaVaroš,2018,1,2,1,1,1,3,3,3,3,1
NovaVaroš,2019,1,2,1,1,1,3,3,U,3,1
NovaVaroš,2020,1,2,1,1,1,3,3,U,3,1
NovaVaroš,2021,1,2,1,1,1,3,3,U,3,1
Požega,2012,1,2,2,3,2,3,1,1,3,2
Požega,2013,1,2,2,3,2,3,1,1,3,2
Požega,2014,1,1,2,3,2,3,1,1,3,2
Požega,2015,2,1,2,3,1,3,1,3,3,2
Požega,2016,2,1,2,3,1,3,1,3,3,2
Požega,2017,2,1,2,3,1,2,1,3,3,2
Požega,2018,1,1,2,3,1,3,1,3,3,2
Požega,2019,2,1,2,3,1,3,1,U,3,2
Požega,2020,2,1,2,3,1,3,1,U,3,2
Požega,2021,2,1,2,3,1,3,1,U,3,2
Priboj,2012,1,3,1,1,2,3,1,1,U,1
Priboj,2013,1,3,1,1,2,3,1,1,U,1
Priboj,2014,1,3,1,1,2,3,1,2,U,1
Priboj,2015,1,3,1,1,2,3,1,2,U,1
Priboj,2016,1,3,1,1,2,3,1,2,U,1
Priboj,2017,1,3,1,1,2,3,2,2,U,1
Priboj,2018,1,3,2,1,2,3,2,2,U,1
Priboj,2019,1,3,2,1,2,3,2,U,U,1
Priboj,2020,1,3,2,1,2,3,2,U,U,1
Priboj,2021,1,3,2,1,1,3,2,U,U,1
Prijepolje,2012,1,3,1,2,3,3,3,1,3,1
Prijepolje,2013,1,3,1,2,2,3,3,1,3,1
Prijepolje,2014,1,3,1,2,2,3,3,1,3,1
Prijepolje,2015,1,3,1,2,2,3,3,1,3,1
Prijepolje,2016,1,3,1,2,2,3,3,2,3,1
Prijepolje,2017,1,3,1,2,2,3,3,2,3,1
Prijepolje,2018,1,3,1,2,2,3,2,3,3,1
Prijepolje,2019,1,3,2,2,2,3,2,U,3,1
Prijepolje,2020,1,3,2,2,2,3,2,U,3,1
Prijepolje,2021,1,3,2,2,2,3,2,U,3,1
Sjenica,2012,1,2,1,2,3,2,1,1,3,1
Sjenica,2013,1,2,1,2,3,2,1,1,3,1
Sjenica,2014,1,2,1,2,3,2,1,1,3,1
Sjenica,2015,1,2,1,2,3,2,1,1,3,1
Sjenica,2016,1,2,1,2,3,3,1,1,3,1
Sjenica,2017,1,2,1,2,3,2,1,2,3,1
Sjenica,2018,1,2,1,2,3,2,1,2,3,1
Sjenica,2019,1,2,1,1,3,3,1,U,3,1
Sjenica,2020,1,2,1,1,3,2,1,U,3,1
Sjenica,2021,1,2,1,1,3,2,1,U,3,1
Čajetina,2012,1,2,1,1,1,3,1,1,3,3
Čajetina,2013,1,2,1,1,1,3,1,2,3,3
Čajetina,2014,1,2,1,1,1,3,1,2,3,3
Čajetina,2015,1,2,1,1,1,3,1,2,3,3
Čajetina,2016,1,2,1,1,1,3,1,2,3,3
Čajetina,2017,1,2,1,1,1,3,1,2,3,3
Čajetina,2018,1,2,1,1,2,2,1,3,3,3
Čajetina,2019,1,2,1,1,2,2,1,U,3,3
Čajetina,2020,1,2,1,2,2,2,1,U,3,3
Čajetina,2021,1,2,1,2,2,2,1,U,3,3
Ub,2012,1,1,2,3,2,1,1,1,1,2
Ub,2013,1,1,2,3,2,1,1,1,U,2
Ub,2014,1,1,2,2,2,1,1,1,U,3
Ub,2015,1,1,2,2,2,1,1,3,U,2
Ub,2016,1,1,2,2,2,1,2,3,U,2
Ub,2017,1,1,2,2,2,1,2,3,1,3
Ub,2018,1,1,2,2,2,1,2,3,1,3
Ub,2019,1,1,2,2,2,1,2,U,1,3
Ub,2020,1,1,2,2,2,2,2,U,1,2
Ub,2021,2,1,2,2,2,1,1,U,1,3
Valjevo,2012,2,3,3,2,3,1,1,1,2,2
Valjevo,2013,3,3,3,2,3,2,1,2,3,2
Valjevo,2014,3,3,3,2,3,2,1,2,3,2
Valjevo,2015,3,3,3,2,3,2,1,3,3,3
Valjevo,2016,3,3,3,2,3,2,2,3,2,2
Valjevo,2017,3,3,3,2,3,2,1,3,2,2
Valjevo,2018,3,3,3,2,3,2,1,3,2,2
Valjevo,2019,3,3,3,2,3,2,1,U,2,2
Valjevo,2020,3,3,3,2,3,2,1,U,2,2
Valjevo,2021,3,3,3,2,3,2,1,U,2,2
Lajkovac,2012,2,1,2,3,2,1,1,1,3,2
Lajkovac,2013,2,2,2,3,2,1,2,1,3,2
Lajkovac,2014,2,2,2,3,2,1,2,1,2,2
Lajkovac,2015,2,2,2,3,2,1,2,3,2,2
Lajkovac,2016,2,1,2,3,2,1,3,3,2,2
Lajkovac,2017,2,1,2,3,2,1,3,3,2,3
Lajkovac,2018,2,1,3,3,2,1,3,3,2,1
Lajkovac,2019,2,1,3,3,2,1,1,U,2,2
Lajkovac,2020,2,1,3,3,2,1,2,U,2,3
Lajkovac,2021,2,1,3,3,2,1,2,U,2,2
Mionica,2012,1,1,1,2,2,1,1,1,U,2
Mionica,2013,1,1,1,2,2,1,1,1,U,2
Mionica,2014,1,1,1,2,2,1,1,2,U,2
Mionica,2015,1,1,1,2,2,1,1,3,U,2
Mionica,2016,1,1,1,2,1,1,1,3,U,2
Mionica,2017,1,1,2,2,1,1,1,3,U,2
Mionica,2018,1,1,2,2,1,1,1,3,U,2
Mionica,2019,1,1,2,2,1,1,1,U,U,2
Mionica,2020,1,1,2,2,1,2,1,U,U,2
Mionica,2021,1,1,2,2,1,2,1,U,U,3
Osečina,2012,1,1,1,2,1,1,1,1,3,2
Osečina,2013,1,1,1,2,1,1,1,1,3,1
Osečina,2014,1,1,1,2,1,1,1,1,3,1
Osečina,2015,1,1,1,2,1,1,1,2,3,1
Osečina,2016,1,1,1,2,1,1,1,2,3,1
Osečina,2017,1,1,1,2,1,2,1,3,3,2
Osečina,2018,1,1,1,2,1,2,1,3,3,1
Osečina,2019,1,1,1,2,1,2,1,U,3,1
Osečina,2020,1,1,1,1,1,1,2,U,3,1
Osečina,2021,1,1,1,1,1,1,2,U,3,1
Šabac,2012,3,3,3,3,3,2,1,1,1,2
Šabac,2013,3,3,3,3,3,2,1,1,1,2
Šabac,2014,3,3,3,3,3,3,1,1,2,2
Šabac,2015,3,3,3,3,3,2,1,3,2,2
Šabac,2016,3,3,3,3,3,2,1,3,2,2
Šabac,2017,3,3,3,3,3,2,1,3,1,2
Šabac,2018,3,3,3,3,3,2,1,3,1,2
Šabac,2019,3,3,3,3,3,2,1,U,1,2
Šabac,2020,3,3,3,3,3,2,1,U,1,2
Šabac,2021,3,3,3,3,3,2,1,U,1,2
Bogatić,2012,2,1,2,2,3,3,1,1,U,2
Bogatić,2013,2,1,2,2,3,3,2,2,U,1
Bogatić,2014,2,1,2,2,3,3,2,2,2,2
Bogatić,2015,2,1,2,2,3,2,2,3,2,2
Bogatić,2016,2,1,2,2,3,2,2,3,2,2
Bogatić,2017,2,1,2,1,3,2,2,3,2,2
Bogatić,2018,2,1,2,1,3,3,2,3,2,2
Bogatić,2019,2,1,2,1,3,3,3,U,2,2
Bogatić,2020,2,1,2,1,3,2,3,U,2,2
Bogatić,2021,2,1,2,1,3,2,2,U,2,2
Vladimirci,2012,1,1,1,3,2,2,2,1,3,1
Vladimirci,2013,2,1,2,3,2,2,2,1,U,3
Vladimirci,2014,1,1,2,3,2,2,2,1,U,1
Vladimirci,2015,1,1,2,3,2,2,3,3,U,2
Vladimirci,2016,2,1,2,3,2,1,3,3,U,2
Vladimirci,2017,1,1,2,3,2,1,3,3,3,2
Vladimirci,2018,1,1,2,3,2,2,3,3,3,2
Vladimirci,2019,1,1,2,2,2,1,3,U,3,2
Vladimirci,2020,1,1,2,2,2,1,3,U,3,2
Vladimirci,2021,1,1,2,2,2,1,3,U,3,1
Koceljeva,2012,3,1,2,3,1,3,2,1,3,1
Koceljeva,2013,3,1,2,3,1,3,2,1,3,1
Koceljeva,2014,3,1,2,3,1,3,2,1,3,1
Koceljeva,2015,3,1,2,3,1,3,2,3,3,1
Koceljeva,2016,1,2,1,3,1,3,2,3,3,2
Koceljeva,2017,3,1,3,3,1,3,2,3,2,2
Koceljeva,2018,3,1,3,3,1,3,2,3,2,1
Koceljeva,2019,3,1,3,3,1,3,2,U,2,1
Koceljeva,2020,3,1,3,3,1,3,2,U,3,1
Koceljeva,2021,2,1,3,3,1,3,2,U,3,2
Krupanj,2012,1,1,1,3,2,3,2,1,1,1
Krupanj,2013,1,1,1,3,2,3,2,1,U,1
Krupanj,2014,1,1,1,3,2,3,2,1,U,1
Krupanj,2015,1,1,1,3,2,3,3,3,U,1
Krupanj,2016,1,1,2,3,2,3,3,3,1,1
Krupanj,2017,1,1,2,2,2,3,3,3,1,2
Krupanj,2018,1,1,2,2,2,3,3,3,1,1
Krupanj,2019,1,1,2,2,2,3,3,U,1,1
Krupanj,2020,1,1,2,2,2,3,3,U,1,1
Krupanj,2021,1,1,2,2,2,3,3,U,1,1
Loznica,2012,2,3,3,2,3,2,2,1,2,1
Loznica,2013,2,3,3,2,3,2,3,1,2,2
Loznica,2014,2,3,3,2,3,2,2,1,2,2
Loznica,2015,2,3,3,2,3,2,1,3,2,2
Loznica,2016,3,3,3,2,3,2,1,3,2,2
Loznica,2017,3,3,3,2,3,2,1,3,2,2
Loznica,2018,3,3,3,2,3,2,1,3,2,2
Loznica,2019,3,3,3,2,3,2,1,U,2,2
Loznica,2020,3,3,3,2,3,2,1,U,2,2
Loznica,2021,3,3,3,2,3,2,1,U,2,2
Ljubovija,2012,1,2,1,3,2,3,2,1,3,1
Ljubovija,2013,1,2,1,3,2,3,2,1,U,1
Ljubovija,2014,1,2,1,3,2,3,2,1,U,1
Ljubovija,2015,1,2,1,3,1,3,2,2,U,1
Ljubovija,2016,1,2,1,3,1,3,2,3,3,1
Ljubovija,2017,1,2,1,3,1,3,2,3,3,1
Ljubovija,2018,1,2,1,3,1,3,1,3,3,1
Ljubovija,2019,1,2,1,3,1,3,2,U,3,1
Ljubovija,2020,1,2,1,3,1,3,2,U,3,1
Ljubovija,2021,1,2,1,3,1,3,2,U,3,1
MaliZvornik,2012,1,1,2,1,1,3,3,1,3,1
MaliZvornik,2013,1,1,2,1,1,3,3,1,2,1
MaliZvornik,2014,1,1,2,1,1,3,3,1,2,1
MaliZvornik,2015,1,1,2,1,1,3,3,3,2,1
MaliZvornik,2016,1,1,2,1,1,3,3,3,3,1
MaliZvornik,2017,1,1,2,1,1,3,3,3,3,1
MaliZvornik,2018,1,1,2,1,1,3,3,3,3,1
MaliZvornik,2019,1,1,2,1,1,3,2,U,3,1
MaliZvornik,2020,1,1,2,1,1,2,2,U,3,1
MaliZvornik,2021,1,1,2,1,1,3,2,U,3,1
Čačak,2012,3,3,3,2,3,1,1,1,1,2
Čačak,2013,3,3,3,2,3,1,1,2,1,2
Čačak,2014,3,3,3,2,3,1,1,2,1,2
Čačak,2015,3,3,3,2,3,1,1,3,1,2
Čačak,2016,3,3,3,2,3,1,1,3,1,2
Čačak,2017,3,3,3,2,3,2,2,3,1,2
Čačak,2018,3,3,3,2,3,2,1,3,1,2
Čačak,2019,3,3,3,2,3,2,1,U,1,2
Čačak,2020,3,3,3,2,3,2,1,U,1,2
Čačak,2021,3,3,3,2,3,2,1,U,1,2
GornjiMilanovac,2012,1,3,2,2,2,2,1,1,2,2
GornjiMilanovac,2013,1,3,2,2,2,2,1,2,2,2
GornjiMilanovac,2014,1,3,2,2,2,2,1,2,2,2
GornjiMilanovac,2015,1,3,2,2,2,2,1,3,2,2
GornjiMilanovac,2016,1,3,2,2,2,2,1,3,2,2
GornjiMilanovac,2017,1,3,2,2,2,2,1,3,2,2
GornjiMilanovac,2018,1,3,2,2,2,2,1,3,2,2
GornjiMilanovac,2019,1,3,2,2,2,2,2,U,2,2
GornjiMilanovac,2020,2,3,2,2,2,2,1,U,2,2
GornjiMilanovac,2021,2,3,2,2,2,3,1,U,2,2
Ivanjica,2012,1,2,1,1,2,2,1,1,3,2
Ivanjica,2013,1,2,1,1,2,2,1,1,3,1
Ivanjica,2014,1,2,1,1,2,2,1,1,3,2
Ivanjica,2015,1,2,1,1,2,2,1,1,3,2
Ivanjica,2016,1,2,1,1,2,2,1,1,3,1
Ivanjica,2017,1,2,1,1,2,2,1,2,3,2
Ivanjica,2018,1,2,1,1,2,2,1,3,3,1
Ivanjica,2019,1,2,1,1,2,3,1,U,3,1
Ivanjica,2020,1,2,1,1,2,3,1,U,3,1
Ivanjica,2021,1,2,1,1,2,3,1,U,3,1
Lučani,2012,1,1,1,1,1,3,1,1,U,1
Lučani,2013,1,1,1,1,1,3,1,1,U,2
Lučani,2014,1,1,1,1,1,3,2,1,U,2
Lučani,2015,1,1,1,1,1,3,2,2,U,1
Lučani,2016,1,1,2,1,1,2,2,2,U,1
Lučani,2017,1,1,2,1,1,2,2,3,1,1
Lučani,2018,1,1,2,1,1,2,2,3,1,1
Lučani,2019,1,2,2,1,1,3,2,U,1,1
Lučani,2020,1,2,2,1,1,3,2,U,1,1
Lučani,2021,1,2,2,1,1,3,2,U,1,1
Jagodina,2012,3,3,3,3,3,2,2,1,U,2
Jagodina,2013,3,3,3,3,3,2,2,1,U,3
Jagodina,2014,3,3,3,3,3,3,2,1,U,3
Jagodina,2015,3,3,3,2,3,3,2,3,U,2
Jagodina,2016,3,3,3,2,3,2,2,3,U,2
Jagodina,2017,3,3,3,2,3,3,2,3,U,3
Jagodina,2018,3,3,3,2,3,3,2,3,U,3
Jagodina,2019,3,3,3,2,3,3,2,U,U,2
Jagodina,2020,3,3,3,2,3,3,2,U,U,3
Jagodina,2021,3,3,3,2,3,2,2,U,U,3
Despotovac,2012,2,2,1,1,2,1,1,1,U,1
Despotovac,2013,2,2,2,1,2,1,1,2,U,2
Despotovac,2014,2,2,2,1,2,1,1,2,U,1
Despotovac,2015,2,2,2,1,2,1,1,2,U,1
Despotovac,2016,2,2,2,1,2,1,2,2,U,2
Despotovac,2017,2,2,2,1,2,1,2,2,U,2
Despotovac,2018,2,2,2,1,2,1,2,2,U,2
Despotovac,2019,2,2,2,1,2,1,2,U,U,1
Despotovac,2020,2,2,2,1,2,1,2,U,U,1
Despotovac,2021,2,2,2,1,2,1,2,U,U,1
Paraćin,2012,2,3,2,2,3,2,3,1,1,2
Paraćin,2013,3,3,3,2,2,2,3,1,1,2
Paraćin,2014,3,3,3,2,2,2,2,1,1,2
Paraćin,2015,3,3,3,2,2,2,3,3,1,2
Paraćin,2016,3,3,3,2,2,2,3,3,1,2
Paraćin,2017,3,3,3,2,2,2,3,3,1,2
Paraćin,2018,3,3,3,2,2,3,3,3,1,2
Paraćin,2019,3,3,3,2,2,3,3,U,1,2
Paraćin,2020,3,3,3,2,2,3,3,U,1,2
Paraćin,2021,3,3,3,2,2,3,3,U,1,2
Rekovac,2012,1,2,1,1,1,3,2,1,U,3
Rekovac,2013,1,2,1,1,1,3,2,1,U,1
Rekovac,2014,1,2,1,1,1,3,3,1,U,1
Rekovac,2015,1,2,1,1,1,3,3,1,U,1
Rekovac,2016,1,2,1,1,1,3,2,1,U,1
Rekovac,2017,1,2,1,1,1,3,3,1,U,2
Rekovac,2018,1,2,1,1,1,3,2,2,U,1
Rekovac,2019,1,2,1,1,1,3,2,U,U,1
Rekovac,2020,1,2,1,1,1,3,2,U,U,2
Rekovac,2021,1,2,1,1,1,3,2,U,U,2
Svilajnac,2012,3,2,2,2,2,1,1,1,1,2
Svilajnac,2013,3,2,2,2,2,1,1,1,1,2
Svilajnac,2014,3,2,3,2,2,1,2,1,U,2
Svilajnac,2015,3,2,3,2,2,1,2,2,1,2
Svilajnac,2016,3,2,3,2,1,1,2,2,1,3
Svilajnac,2017,3,2,3,2,1,1,2,3,1,2
Svilajnac,2018,3,2,3,2,1,1,2,3,1,2
Svilajnac,2019,3,2,3,2,1,1,2,U,1,3
Svilajnac,2020,3,2,3,1,1,1,2,U,1,1
Svilajnac,2021,3,2,3,1,1,2,2,U,1,2
Ćuprija,2012,3,3,3,3,1,2,2,1,U,2
Ćuprija,2013,3,3,3,3,1,2,2,1,U,2
Ćuprija,2014,3,3,3,3,1,2,2,1,U,2
Ćuprija,2015,3,3,3,3,1,2,3,3,U,2
Ćuprija,2016,3,3,3,3,1,2,3,3,U,2
Ćuprija,2017,3,3,3,3,1,2,3,3,U,2
Ćuprija,2018,3,3,3,3,1,2,3,3,U,2
Ćuprija,2019,3,3,3,3,1,2,3,U,U,2
Ćuprija,2020,3,3,3,3,1,2,3,U,U,2
Ćuprija,2021,3,3,3,3,1,2,3,U,U,2
Kruševac,2012,3,3,3,3,3,2,2,1,1,2
Kruševac,2013,3,3,3,3,3,2,3,1,1,2
Kruševac,2014,3,3,3,3,3,2,3,1,1,2
Kruševac,2015,3,3,3,3,3,2,3,1,1,2
Kruševac,2016,3,3,3,2,3,2,3,2,1,2
Kruševac,2017,3,3,3,2,3,2,3,2,1,2
Kruševac,2018,3,3,3,2,3,2,3,3,1,2
Kruševac,2019,3,3,3,2,3,2,3,U,1,2
Kruševac,2020,3,3,3,2,3,2,3,U,1,2
Kruševac,2021,3,3,3,2,3,2,3,U,1,2
Aleksandrovac,2012,2,1,2,3,3,3,1,1,U,2
Aleksandrovac,2013,2,1,2,3,3,3,1,2,U,2
Aleksandrovac,2014,2,1,2,3,3,3,1,2,U,2
Aleksandrovac,2015,2,1,2,3,3,2,1,3,U,2
Aleksandrovac,2016,2,1,2,3,3,2,1,3,U,2
Aleksandrovac,2017,2,1,2,3,3,2,1,3,U,1
Aleksandrovac,2018,2,1,2,3,3,2,2,3,U,2
Aleksandrovac,2019,2,1,2,3,2,2,1,U,U,1
Aleksandrovac,2020,2,1,2,3,2,3,1,U,U,2
Aleksandrovac,2021,2,1,2,3,2,2,1,U,U,2
Brus,2012,1,2,1,1,2,3,2,1,1,1
Brus,2013,1,2,1,1,2,3,2,1,1,1
Brus,2014,1,2,1,1,2,3,2,1,1,1
Brus,2015,1,2,1,1,2,2,2,1,1,2
Brus,2016,1,2,1,1,1,2,2,1,1,1
Brus,2017,1,2,1,1,1,2,2,1,1,2
Brus,2018,1,2,1,1,1,2,2,2,1,2
Brus,2019,1,2,1,1,1,1,2,U,1,1
Brus,2020,1,1,1,1,1,2,2,U,1,1
Brus,2021,1,2,1,1,1,1,2,U,2,1
Varvarin,2012,2,1,2,1,2,3,1,1,U,2
Varvarin,2013,2,1,2,1,2,3,1,1,U,3
Varvarin,2014,2,1,2,1,2,3,1,1,U,2
Varvarin,2015,2,1,2,1,2,2,1,1,U,2
Varvarin,2016,2,1,2,1,2,3,1,1,U,2
Varvarin,2017,2,1,2,1,2,2,1,1,U,2
Varvarin,2018,2,1,2,1,2,2,1,2,U,3
Varvarin,2019,2,1,2,1,2,2,1,U,U,2
Varvarin,2020,2,1,2,1,2,2,1,U,U,2
Varvarin,2021,2,1,2,1,1,2,1,U,U,2
Trstenik,2012,2,1,3,2,3,2,1,1,1,2
Trstenik,2013,3,1,3,2,3,2,1,2,1,2
Trstenik,2014,3,2,3,2,3,2,1,2,1,1
Trstenik,2015,3,1,3,1,3,2,1,2,1,2
Trstenik,2016,3,1,3,1,3,1,1,2,1,1
Trstenik,2017,3,1,3,1,3,1,1,2,1,1
Trstenik,2018,2,1,3,1,3,1,1,3,1,1
Trstenik,2019,3,1,3,1,3,1,1,U,1,2
Trstenik,2020,3,1,3,1,3,1,1,U,1,2
Trstenik,2021,3,1,3,1,2,1,1,U,1,2
Ćićevac,2012,2,1,2,2,1,3,1,1,2,2
Ćićevac,2013,2,1,2,1,1,3,1,1,2,2
Ćićevac,2014,2,1,2,1,1,3,1,1,2,2
Ćićevac,2015,2,2,2,1,1,3,1,2,2,1
Ćićevac,2016,2,2,2,1,1,3,1,2,2,2
Ćićevac,2017,2,2,2,1,1,2,1,3,2,2
Ćićevac,2018,2,2,2,1,1,3,1,2,2,2
Ćićevac,2019,2,2,2,1,1,2,2,U,2,3
Ćićevac,2020,2,2,2,1,1,3,2,U,2,2
Ćićevac,2021,2,1,2,1,1,2,1,U,2,3
Kraljevo,2012,2,3,2,2,3,2,2,1,2,3
Kraljevo,2013,2,3,2,2,3,2,2,1,2,2
Kraljevo,2014,2,3,2,2,3,2,2,1,2,2
Kraljevo,2015,2,3,2,2,3,2,2,2,2,2
Kraljevo,2016,2,3,2,2,3,2,2,2,2,2
Kraljevo,2017,2,3,2,2,3,2,2,2,2,2
Kraljevo,2018,2,3,2,2,3,2,2,2,2,2
Kraljevo,2019,2,3,2,2,3,2,2,U,2,2
Kraljevo,2020,2,3,3,2,3,2,2,U,2,2
Kraljevo,2021,2,3,3,2,3,2,2,U,2,2
VrnjačkaBanja,2012,3,3,3,2,2,2,2,1,1,2
VrnjačkaBanja,2013,3,3,3,2,2,2,2,3,1,3
VrnjačkaBanja,2014,3,3,3,2,2,3,2,3,1,2
VrnjačkaBanja,2015,3,3,3,2,2,3,2,3,1,2
VrnjačkaBanja,2016,3,3,3,2,2,3,3,3,1,2
VrnjačkaBanja,2017,3,3,3,2,2,3,3,3,1,2
VrnjačkaBanja,2018,3,3,3,2,2,3,3,3,1,2
VrnjačkaBanja,2019,3,3,3,2,2,3,3,U,1,3
VrnjačkaBanja,2020,3,3,3,2,2,3,3,U,1,2
VrnjačkaBanja,2021,3,3,3,2,2,2,2,U,1,3
NoviPazar,2012,1,2,3,3,3,1,2,1,1,3
NoviPazar,2013,2,3,3,3,3,1,2,1,1,3
NoviPazar,2014,2,3,3,3,3,2,2,1,1,3
NoviPazar,2015,2,3,3,3,3,2,2,2,1,3
NoviPazar,2016,2,3,3,3,3,2,2,2,1,3
NoviPazar,2017,2,3,3,3,3,2,2,2,1,3
NoviPazar,2018,2,3,3,3,3,2,2,3,1,3
NoviPazar,2019,2,3,3,3,3,2,2,U,1,3
NoviPazar,2020,2,3,3,3,3,2,2,U,1,3
NoviPazar,2021,3,3,3,3,3,2,2,U,1,3
Raška,2012,1,2,1,2,2,3,2,1,2,1
Raška,2013,1,2,1,2,2,3,2,1,2,1
Raška,2014,1,2,1,2,2,3,2,1,2,1
Raška,2015,1,2,1,2,2,3,2,1,2,1
Raška,2016,1,2,1,2,2,3,2,1,2,1
Raška,2017,1,2,1,3,2,3,2,1,2,1
Raška,2018,1,2,1,2,2,3,2,2,3,1
Raška,2019,1,2,2,2,2,3,2,U,3,2
Raška,2020,1,2,2,2,2,3,2,U,3,1
Raška,2021,1,2,2,2,2,3,2,U,3,1
Tutin,2012,1,2,1,3,3,1,1,1,2,1
Tutin,2013,1,2,1,3,3,1,2,1,2,1
Tutin,2014,1,2,1,3,3,1,2,1,2,1
Tutin,2015,1,2,1,3,3,2,2,1,2,1
Tutin,2016,1,2,1,3,3,1,2,1,2,2
Tutin,2017,1,2,1,3,3,2,3,2,2,1
Tutin,2018,1,2,1,3,3,2,3,2,2,2
Tutin,2019,1,2,1,3,3,2,2,U,2,1
Tutin,2020,1,1,1,3,3,1,3,U,2,1
Tutin,2021,1,2,2,3,3,1,3,U,2,1
Kragujevac,2012,3,3,3,3,3,2,2,1,1,3
Kragujevac,2013,3,3,3,3,3,2,2,2,1,3
Kragujevac,2014,3,3,3,3,3,2,1,3,1,3
Kragujevac,2015,3,3,3,3,3,2,2,3,1,3
Kragujevac,2016,3,3,3,3,3,2,2,3,1,3
Kragujevac,2017,3,3,3,3,3,2,2,3,1,3
Kragujevac,2018,3,3,3,3,3,2,2,3,1,3
Kragujevac,2019,3,3,3,3,3,3,2,U,1,2
Kragujevac,2020,3,3,3,3,3,3,2,U,1,2
Kragujevac,2021,3,3,3,3,3,3,2,U,1,2
Aranđelovac,2012,2,3,3,1,3,1,1,1,1,2
Aranđelovac,2013,2,3,3,1,3,1,1,1,1,2
Aranđelovac,2014,2,3,3,1,3,1,1,2,1,2
Aranđelovac,2015,2,3,3,1,3,1,1,3,1,2
Aranđelovac,2016,2,3,3,1,3,1,1,3,1,2
Aranđelovac,2017,2,3,3,1,3,1,1,3,1,2
Aranđelovac,2018,2,3,3,1,3,1,2,3,1,2
Aranđelovac,2019,2,3,3,1,2,1,2,U,1,3
Aranđelovac,2020,3,3,3,1,2,1,1,U,1,2
Aranđelovac,2021,3,3,3,1,2,1,1,U,1,2
Batočina,2012,2,2,2,3,1,3,3,1,2,2
Batočina,2013,2,2,2,3,1,3,1,1,2,2
Batočina,2014,2,2,3,3,1,3,1,2,2,2
Batočina,2015,2,2,3,3,1,3,1,3,2,3
Batočina,2016,2,2,3,3,1,3,1,3,2,2
Batočina,2017,2,2,3,3,1,3,2,3,2,3
Batočina,2018,2,2,3,3,1,3,2,3,2,2
Batočina,2019,2,2,3,3,1,3,2,U,2,2
Batočina,2020,2,2,3,3,1,3,2,U,2,2
Batočina,2021,2,2,3,3,1,3,2,U,2,2
Knić,2012,1,2,1,1,1,2,2,1,3,2
Knić,2013,1,2,1,1,1,3,2,1,3,2
Knić,2014,1,2,1,1,1,3,2,1,3,3
Knić,2015,1,2,1,1,1,3,2,2,2,2
Knić,2016,1,2,1,1,1,3,2,3,3,2
Knić,2017,1,2,1,1,1,3,2,3,3,3
Knić,2018,1,2,1,1,1,3,1,3,3,3
Knić,2019,1,2,1,1,1,3,1,U,3,3
Knić,2020,1,2,1,1,1,2,1,U,3,3
Knić,2021,1,2,1,1,1,2,1,U,3,3
Lapovo,2012,3,2,3,3,1,2,3,1,1,2
Lapovo,2013,3,2,3,3,1,3,1,1,1,2
Lapovo,2014,3,2,3,2,1,3,1,3,1,2
Lapovo,2015,3,2,3,2,1,3,2,3,1,2
Lapovo,2016,3,2,3,2,1,3,2,3,1,3
Lapovo,2017,3,2,3,2,1,3,2,3,1,2
Lapovo,2018,3,2,3,2,1,3,2,3,1,2
Lapovo,2019,3,2,3,2,1,2,3,U,1,1
Lapovo,2020,3,2,3,2,1,3,3,U,1,2
Lapovo,2021,3,2,3,2,1,3,3,U,1,2
Rača,2012,2,2,2,3,1,3,2,1,2,2
Rača,2013,2,2,2,3,1,3,2,1,3,2
Rača,2014,2,2,2,3,1,3,2,1,3,2
Rača,2015,2,2,2,3,1,3,2,2,3,3
Rača,2016,2,2,2,3,1,3,2,3,3,2
Rača,2017,2,2,2,3,1,3,2,3,3,2
Rača,2018,2,2,2,3,1,3,3,3,3,2
Rača,2019,2,2,2,3,1,3,2,U,3,2
Rača,2020,2,2,2,3,1,3,2,U,3,3
Rača,2021,2,2,2,3,1,3,2,U,3,3
Topola,2012,2,2,2,1,2,1,1,1,3,2
Topola,2013,2,2,2,1,2,1,1,1,3,2
Topola,2014,1,1,2,1,2,1,1,1,3,2
Topola,2015,2,1,2,1,2,1,1,2,3,2
Topola,2016,2,1,2,1,2,1,1,3,3,2
Topola,2017,2,1,2,1,2,1,1,3,3,3
Topola,2018,1,1,2,1,2,1,1,3,3,2
Topola,2019,1,1,2,1,2,1,1,U,3,2
Topola,2020,1,2,2,1,2,1,1,U,3,2
Topola,2021,2,2,2,1,2,1,1,U,3,3
Bor,2012,2,3,2,2,2,3,1,1,2,2
Bor,2013,2,3,2,2,2,3,1,2,2,2
Bor,2014,2,3,2,2,2,3,1,2,2,2
Bor,2015,2,3,2,2,2,3,1,2,2,1
Bor,2016,2,3,2,2,2,3,1,2,2,1
Bor,2017,2,3,2,2,2,3,1,2,2,1
Bor,2018,2,3,2,2,2,3,1,2,2,1
Bor,2019,2,3,2,2,2,3,2,U,2,1
Bor,2020,2,3,2,2,2,3,1,U,2,1
Bor,2021,2,3,2,2,2,3,2,U,2,2
Kladovo,2012,2,3,1,1,1,1,1,1,3,2
Kladovo,2013,2,3,1,1,1,2,1,1,3,2
Kladovo,2014,2,3,1,1,1,2,1,1,3,2
Kladovo,2015,2,3,1,1,1,2,1,1,3,2
Kladovo,2016,2,3,1,1,1,2,1,2,3,2
Kladovo,2017,2,3,1,1,1,2,1,2,3,2
Kladovo,2018,2,3,1,1,2,2,1,2,3,2
Kladovo,2019,2,3,1,1,2,2,1,U,3,2
Kladovo,2020,2,3,1,1,2,2,1,U,3,2
Kladovo,2021,2,3,1,1,2,1,1,U,3,2
Majdanpek,2012,1,3,1,1,1,3,2,1,3,1
Majdanpek,2013,1,3,1,1,1,3,3,1,3,1
Majdanpek,2014,1,3,1,1,1,3,3,1,3,1
Majdanpek,2015,1,3,1,1,1,3,2,1,3,1
Majdanpek,2016,1,3,1,1,1,3,3,1,3,1
Majdanpek,2017,1,3,1,1,1,3,3,1,3,1
Majdanpek,2018,1,3,1,1,1,3,3,2,3,1
Majdanpek,2019,1,3,1,1,1,3,3,U,3,1
Majdanpek,2020,1,3,1,1,1,2,2,U,3,2
Majdanpek,2021,1,3,1,1,1,2,2,U,3,1
Negotin,2012,2,3,1,1,1,1,2,1,3,2
Negotin,2013,2,3,1,1,1,1,2,1,3,2
Negotin,2014,3,3,1,1,1,1,1,1,3,2
Negotin,2015,3,3,1,1,1,1,1,2,3,2
Negotin,2016,2,3,1,1,1,1,2,2,3,2
Negotin,2017,2,3,1,1,1,1,3,2,3,2
Negotin,2018,2,3,1,1,1,1,2,2,3,2
Negotin,2019,2,3,1,1,1,1,2,U,3,1
Negotin,2020,2,3,1,1,1,1,2,U,3,1
Negotin,2021,2,3,1,1,1,1,2,U,3,2
Požarevac,2013,U,U,U,3,2,U,U,2,U,3
Požarevac,2014,U,U,U,3,2,U,U,3,U,3
Požarevac,2015,U,U,U,3,2,U,U,3,U,3
Požarevac,2016,U,U,U,3,2,U,U,3,U,2
Požarevac,2017,U,U,U,3,2,U,U,3,U,2
Požarevac,2018,1,U,1,3,2,U,U,3,U,2
Požarevac,2019,U,U,U,3,2,U,U,U,U,3
Požarevac,2020,U,U,U,3,2,U,U,U,1,2
Požarevac,2021,U,U,U,3,2,U,U,U,U,2
Kostolac,2013,U,U,U,3,2,U,U,3,U,3
Kostolac,2014,U,U,U,3,2,U,U,3,U,2
Kostolac,2015,U,U,U,3,2,U,U,3,U,1
Kostolac,2016,U,U,U,3,2,U,U,3,U,2
Kostolac,2017,U,U,U,3,2,U,U,3,U,1
Kostolac,2018,1,U,1,3,2,U,U,3,3,2
Kostolac,2019,U,U,U,3,2,U,U,U,U,1
Kostolac,2020,U,U,U,3,2,U,U,U,U,1
Kostolac,2021,U,U,U,3,2,U,U,U,U,1
VelikoGradište,2012,2,2,2,2,2,2,3,1,3,2
VelikoGradište,2013,3,2,2,2,2,1,2,1,3,2
VelikoGradište,2014,3,2,2,2,2,2,2,1,3,2
VelikoGradište,2015,2,2,2,2,2,2,2,2,3,2
VelikoGradište,2016,2,2,2,2,2,2,2,2,3,2
VelikoGradište,2017,2,2,2,1,2,1,2,2,3,2
VelikoGradište,2018,2,2,2,1,2,2,2,3,3,2
VelikoGradište,2019,2,2,2,1,2,1,2,U,3,1
VelikoGradište,2020,2,2,2,1,2,1,2,U,3,2
VelikoGradište,2021,2,2,2,1,2,1,3,U,3,2
Golubac,2012,2,2,1,1,2,1,1,1,3,1
Golubac,2013,2,2,1,1,2,1,1,1,3,3
Golubac,2014,2,2,1,1,2,1,1,1,3,2
Golubac,2015,2,2,1,1,2,1,1,2,3,1
Golubac,2016,2,2,1,1,1,1,1,2,3,2
Golubac,2017,2,2,1,1,1,1,1,2,3,2
Golubac,2018,2,2,1,1,1,1,1,2,3,2
Golubac,2019,2,2,1,1,1,1,1,U,3,2
Golubac,2020,1,2,1,1,1,1,1,U,3,1
Golubac,2021,1,2,1,1,1,1,1,U,3,2
Žabari,2012,2,1,1,2,2,1,1,1,U,2
Žabari,2013,3,2,2,2,2,1,1,1,U,2
Žabari,2014,3,1,2,2,2,2,2,1,U,1
Žabari,2015,3,1,2,1,2,2,2,1,U,1
Žabari,2016,2,2,2,1,2,2,2,2,U,1
Žabari,2017,2,1,2,1,2,2,2,2,U,1
Žabari,2018,2,1,2,1,2,2,2,2,U,1
Žabari,2019,2,1,2,1,2,2,2,U,U,1
Žabari,2020,2,1,2,1,2,2,2,U,U,1
Žabari,2021,2,1,2,1,2,1,3,U,U,2
Žagubica,2012,1,2,1,1,1,2,1,1,2,2
Žagubica,2013,1,2,1,1,1,2,1,1,U,2
Žagubica,2014,1,2,1,1,1,2,1,1,U,2
Žagubica,2015,1,2,1,1,1,2,1,1,U,2
Žagubica,2016,1,2,1,1,1,2,1,1,U,2
Žagubica,2017,1,2,1,1,1,2,1,1,U,2
Žagubica,2018,1,2,1,1,1,3,1,1,U,3
Žagubica,2019,1,2,1,1,1,2,1,U,U,2
Žagubica,2020,1,2,1,1,1,2,1,U,U,1
Žagubica,2021,1,2,1,1,1,2,1,U,U,1
Kučevo,2012,2,2,1,1,1,1,2,1,3,1
Kučevo,2013,2,2,1,1,1,1,2,1,3,1
Kučevo,2014,2,2,1,1,1,2,3,1,3,1
Kučevo,2015,2,2,1,1,1,1,3,1,3,2
Kučevo,2016,2,2,1,1,1,1,3,1,3,2
Kučevo,2017,2,2,1,1,1,1,3,2,3,2
Kučevo,2018,2,2,1,1,1,2,3,2,3,2
Kučevo,2019,2,2,1,1,1,2,3,U,3,1
Kučevo,2020,2,2,1,1,1,2,3,U,3,1
Kučevo,2021,1,2,1,1,1,2,3,U,3,2
MaloCrniće,2012,2,1,2,1,2,1,1,1,2,2
MaloCrniće,2013,2,1,2,1,2,1,2,1,2,1
MaloCrniće,2014,2,1,2,1,2,1,2,1,3,2
MaloCrniće,2015,2,1,2,1,2,1,2,3,3,2
MaloCrniće,2016,2,1,2,1,2,1,2,3,3,1
MaloCrniće,2017,2,1,2,1,2,1,2,3,3,1
MaloCrniće,2018,2,1,2,1,2,1,2,3,3,1
MaloCrniće,2019,2,2,2,1,2,1,2,U,3,1
MaloCrniće,2020,2,1,2,1,2,1,2,U,3,1
MaloCrniće,2021,2,1,2,1,2,1,2,U,3,2
PetrovacnaMlavi,2012,3,3,2,1,3,3,1,1,U,2
PetrovacnaMlavi,2013,3,3,2,1,3,3,1,1,U,2
PetrovacnaMlavi,2014,3,3,2,1,3,3,1,1,U,3
PetrovacnaMlavi,2015,3,3,2,1,3,3,1,2,U,2
PetrovacnaMlavi,2016,3,3,2,1,3,3,1,2,U,2
PetrovacnaMlavi,2017,3,3,2,1,3,2,1,2,U,3
PetrovacnaMlavi,2018,3,3,2,1,3,3,1,3,U,2
PetrovacnaMlavi,2019,3,3,2,1,3,2,1,U,U,2
PetrovacnaMlavi,2020,3,3,2,1,3,2,1,U,U,2
PetrovacnaMlavi,2021,3,3,2,1,3,2,1,U,U,2
Zaječar,2012,2,3,2,2,2,2,1,1,2,2
Zaječar,2013,2,3,2,2,2,3,2,1,2,2
Zaječar,2014,2,3,2,1,2,2,2,1,2,2
Zaječar,2015,2,3,2,1,2,3,2,1,2,2
Zaječar,2016,2,3,2,1,2,3,2,1,3,2
Zaječar,2017,2,3,2,1,2,3,2,2,2,2
Zaječar,2018,2,3,2,1,2,3,2,2,3,2
Zaječar,2019,2,3,2,1,2,3,1,U,3,2
Zaječar,2020,2,3,2,1,2,3,1,U,3,2
Zaječar,2021,2,3,2,1,2,3,1,U,3,2
Boljevac,2012,1,2,1,1,1,1,1,1,3,1
Boljevac,2013,1,2,1,1,1,1,1,1,3,1
Boljevac,2014,1,2,1,1,1,2,1,1,3,2
Boljevac,2015,1,2,1,1,1,2,2,1,3,1
Boljevac,2016,1,2,1,1,1,2,2,1,3,2
Boljevac,2017,1,2,1,1,1,3,2,1,3,2
Boljevac,2018,1,2,1,1,1,3,2,2,3,2
Boljevac,2019,1,2,1,1,1,3,2,U,3,2
Boljevac,2020,1,2,1,1,1,3,3,U,3,2
Boljevac,2021,1,2,1,1,1,3,3,U,3,3
Knjaževac,2012,1,3,1,3,2,2,2,1,2,2
Knjaževac,2013,1,3,1,3,2,2,2,1,2,2
Knjaževac,2014,1,3,1,3,2,2,2,1,2,2
Knjaževac,2015,1,3,1,3,2,2,2,1,2,2
Knjaževac,2016,1,3,1,3,2,2,2,2,2,2
Knjaževac,2017,1,3,1,3,2,3,2,2,2,2
Knjaževac,2018,1,3,1,3,2,3,2,2,2,2
Knjaževac,2019,1,3,1,2,2,3,2,U,2,2
Knjaževac,2020,1,3,1,2,2,3,2,U,2,2
Knjaževac,2021,1,3,1,2,2,3,2,U,2,2
Sokobanja,2012,1,3,1,3,1,2,1,1,U,2
Sokobanja,2013,1,3,1,3,1,2,1,1,U,2
Sokobanja,2014,1,3,1,3,1,2,1,1,U,2
Sokobanja,2015,1,3,1,3,1,2,1,1,U,2
Sokobanja,2016,1,3,1,3,1,3,1,2,U,2
Sokobanja,2017,1,3,1,3,1,2,1,2,U,2
Sokobanja,2018,1,3,1,3,1,3,1,2,U,2
Sokobanja,2019,1,3,1,3,1,3,3,U,U,2
Sokobanja,2020,1,3,1,3,1,3,3,U,U,2
Sokobanja,2021,2,3,1,3,1,2,3,U,U,3
Leskovac,2012,3,3,3,2,3,2,2,U,1,2
Leskovac,2013,3,3,3,2,3,1,2,U,1,2
Leskovac,2014,3,3,3,2,3,1,2,U,1,2
Leskovac,2015,3,3,3,2,3,2,2,U,1,2
Leskovac,2016,3,3,3,2,3,2,1,U,1,2
Leskovac,2017,3,3,3,2,3,1,2,U,1,2
Leskovac,2018,3,3,3,2,3,2,2,U,1,2
Leskovac,2019,3,3,3,2,3,2,2,U,1,2
Leskovac,2020,3,3,3,2,3,2,2,U,1,2
Leskovac,2021,3,3,3,2,2,1,2,U,1,2
Bojnik,2012,1,2,1,2,1,3,3,1,U,3
Bojnik,2013,1,2,1,2,1,3,3,1,U,2
Bojnik,2014,1,2,1,2,1,3,3,1,U,2
Bojnik,2015,1,2,1,2,1,3,3,1,U,1
Bojnik,2016,1,2,1,2,1,3,3,1,U,2
Bojnik,2017,1,2,1,2,1,3,3,1,U,2
Bojnik,2018,1,2,1,2,1,3,3,2,U,2
Bojnik,2019,1,2,1,2,1,3,3,U,U,1
Bojnik,2020,1,2,1,2,1,3,3,U,U,1
Bojnik,2021,1,2,1,2,1,3,3,U,U,2
Vlasotince,2012,2,2,2,1,2,1,2,1,2,2
Vlasotince,2013,2,2,2,1,2,1,2,2,2,2
Vlasotince,2014,2,2,2,1,2,1,2,2,2,2
Vlasotince,2015,2,2,2,1,2,1,2,2,2,2
Vlasotince,2016,3,2,2,1,2,1,2,2,2,2
Vlasotince,2017,3,2,3,1,2,1,2,2,2,2
Vlasotince,2018,3,1,3,1,2,2,2,2,2,2
Vlasotince,2019,3,2,3,1,2,1,2,U,2,2
Vlasotince,2020,3,1,3,1,2,1,2,U,2,2
Vlasotince,2021,3,2,3,1,2,2,2,U,2,2
Lebane,2012,1,2,2,3,2,3,3,1,2,1
Lebane,2013,1,2,2,3,2,3,3,1,3,1
Lebane,2014,1,2,2,2,2,3,3,2,2,1
Lebane,2015,1,2,2,2,2,3,3,1,2,1
Lebane,2016,2,2,2,2,2,3,3,2,3,1
Lebane,2017,2,2,2,2,2,3,3,2,2,1
Lebane,2018,1,2,2,2,1,3,3,2,2,1
Lebane,2019,2,2,2,2,1,3,3,U,2,1
Lebane,2020,2,2,2,2,1,3,3,U,2,1
Lebane,2021,2,2,2,2,1,3,3,U,2,2
Medveđa,2012,1,3,1,1,1,3,3,1,3,2
Medveđa,2013,1,3,1,1,1,3,3,1,3,2
Medveđa,2014,1,3,1,1,1,3,3,2,3,1
Medveđa,2015,1,3,1,1,1,3,3,2,3,2
Medveđa,2016,1,3,1,1,1,3,3,2,3,1
Medveđa,2017,1,3,1,1,1,3,3,2,3,1
Medveđa,2018,1,3,1,1,1,3,3,2,3,1
Medveđa,2019,1,3,1,1,1,3,3,U,3,1
Medveđa,2020,1,3,1,1,1,3,3,U,3,1
Medveđa,2021,1,3,1,1,1,3,3,U,3,1
CrnaTrava,2012,1,3,1,1,1,1,3,1,U,1
CrnaTrava,2013,1,3,1,1,1,1,3,1,U,1
CrnaTrava,2014,1,3,1,1,1,1,3,1,U,1
CrnaTrava,2015,1,3,1,1,1,2,3,1,U,1
CrnaTrava,2016,1,3,1,1,1,3,3,1,U,1
CrnaTrava,2017,1,3,1,1,1,2,3,1,U,1
CrnaTrava,2018,1,3,1,1,1,1,3,1,U,1
CrnaTrava,2019,1,U,1,1,1,1,3,U,U,1
CrnaTrava,2020,1,U,1,1,1,2,3,U,U,1
CrnaTrava,2021,1,U,1,1,1,3,3,U,U,1
Medijana,2012,U,U,U,3,1,U,U,2,U,3
Medijana,2013,U,U,U,3,1,U,U,3,U,3
Medijana,2014,3,U,3,3,1,U,U,3,U,3
Medijana,2015,U,U,U,3,1,U,U,3,U,3
Medijana,2016,U,U,U,3,1,U,U,3,U,3
Medijana,2017,U,U,U,3,1,U,U,3,U,3
Medijana,2018,1,U,1,3,1,U,U,3,U,3
Medijana,2019,U,U,U,3,1,U,U,U,U,3
Medijana,2020,U,3,U,3,1,U,U,U,U,3
Medijana,2021,U,3,U,3,1,U,U,U,U,3
NiškaBanja,2012,U,U,U,2,3,U,U,1,U,2
NiškaBanja,2013,U,U,U,1,3,U,U,2,U,3
NiškaBanja,2014,2,U,3,1,3,U,U,3,U,3
NiškaBanja,2015,U,U,U,1,3,U,U,3,U,3
NiškaBanja,2016,U,U,U,1,3,U,U,3,U,3
NiškaBanja,2017,U,U,U,1,3,U,U,3,U,3
NiškaBanja,2018,2,U,3,1,3,U,U,3,U,3
NiškaBanja,2019,2,U,3,1,3,U,U,U,U,3
NiškaBanja,2020,U,3,U,1,3,U,U,U,U,1
NiškaBanja,2021,3,3,3,1,3,U,U,U,U,2
Palilula(Niš),2012,U,U,U,3,3,U,U,1,U,3
Palilula(Niš),2013,U,U,U,3,3,U,U,3,U,2
Palilula(Niš),2014,2,U,1,3,3,U,U,3,U,2
Palilula(Niš),2015,U,U,U,3,3,U,U,3,U,2
Palilula(Niš),2016,U,U,U,3,3,U,U,3,U,3
Palilula(Niš),2017,U,U,U,3,3,U,U,3,U,2
Palilula(Niš),2018,1,U,1,3,3,U,U,3,U,3
Palilula(Niš),2019,U,U,U,3,3,U,U,U,U,3
Palilula(Niš),2020,U,U,U,3,3,U,U,U,U,3
Palilula(Niš),2021,U,U,U,3,3,U,U,U,U,3
Pantelej,2012,U,U,U,3,3,U,U,1,U,3
Pantelej,2013,U,U,U,3,3,U,U,3,U,3
Pantelej,2014,1,U,1,3,3,U,U,3,U,3
Pantelej,2015,U,U,U,3,3,U,U,3,U,3
Pantelej,2016,U,U,U,3,3,U,U,3,U,3
Pantelej,2017,U,U,U,3,3,U,U,3,1,3
Pantelej,2018,1,U,1,3,3,U,U,3,1,3
Pantelej,2019,U,U,U,3,3,U,U,U,1,3
Pantelej,2020,U,U,U,2,3,U,U,U,1,3
Pantelej,2021,U,U,U,2,3,U,U,U,1,3
Crvenikrst,2012,U,U,U,2,2,U,U,1,U,2
Crvenikrst,2013,U,U,U,2,2,U,U,2,U,2
Crvenikrst,2014,1,U,1,2,2,U,U,3,1,2
Crvenikrst,2015,U,U,U,2,2,U,U,3,1,2
Crvenikrst,2016,U,U,U,2,1,U,U,3,U,2
Crvenikrst,2017,U,U,U,2,1,U,U,3,U,3
Crvenikrst,2018,1,U,1,2,2,U,U,3,U,3
Crvenikrst,2019,U,U,U,2,2,U,U,U,U,3
Crvenikrst,2020,U,2,U,2,2,U,U,U,U,3
Crvenikrst,2021,U,2,U,2,2,U,U,U,U,3
Aleksinac,2012,2,2,2,2,3,2,1,1,U,2
Aleksinac,2013,2,2,2,2,3,3,1,1,U,2
Aleksinac,2014,2,2,2,2,3,3,1,1,U,2
Aleksinac,2015,2,2,2,2,3,3,1,2,U,2
Aleksinac,2016,2,2,2,2,3,3,1,2,U,2
Aleksinac,2017,2,2,2,2,3,3,1,2,U,2
Aleksinac,2018,2,2,2,2,3,3,1,2,U,2
Aleksinac,2019,2,2,2,2,3,3,1,U,U,2
Aleksinac,2020,2,2,2,2,3,3,2,U,U,2
Aleksinac,2021,2,3,2,2,3,3,1,U,U,2
GadžinHan,2012,1,3,1,2,1,2,3,1,U,2
GadžinHan,2013,1,3,1,2,1,1,3,1,U,1
GadžinHan,2014,1,3,1,2,1,2,3,1,U,2
GadžinHan,2015,1,3,1,2,1,2,3,1,U,1
GadžinHan,2016,1,3,1,2,1,3,3,1,U,1
GadžinHan,2017,1,3,1,2,1,3,3,2,U,2
GadžinHan,2018,1,3,1,1,1,3,3,2,U,1
GadžinHan,2019,1,3,1,1,1,3,3,U,U,1
GadžinHan,2020,1,3,1,1,1,2,3,U,U,1
GadžinHan,2021,1,2,1,1,1,2,3,U,U,3
Doljevac,2012,2,2,3,3,2,2,3,1,U,3
Doljevac,2013,2,2,3,3,2,2,3,1,U,3
Doljevac,2014,2,2,3,3,2,2,3,2,U,3
Doljevac,2015,2,2,3,3,2,2,3,2,U,3
Doljevac,2016,2,2,3,3,2,2,3,2,U,2
Doljevac,2017,2,1,3,3,2,1,3,3,U,3
Doljevac,2018,2,1,3,3,2,2,3,3,U,3
Doljevac,2019,2,1,3,3,2,2,3,U,U,2
Doljevac,2020,2,2,3,3,2,2,3,U,U,2
Doljevac,2021,2,2,3,3,2,2,2,U,U,3
Merošina,2012,1,2,2,3,3,3,3,1,2,3
Merošina,2013,1,2,2,3,3,3,3,1,2,2
Merošina,2014,1,2,2,3,3,3,3,2,2,3
Merošina,2015,1,1,2,3,3,3,3,2,2,2
Merošina,2016,1,1,2,3,3,3,3,2,2,2
Merošina,2017,1,1,2,3,3,3,3,3,2,2
Merošina,2018,1,1,2,3,3,3,3,2,2,1
Merošina,2019,1,1,2,3,3,3,3,U,2,2
Merošina,2020,1,2,2,3,3,3,3,U,2,2
Merošina,2021,1,2,2,3,3,3,3,U,2,3
Ražanj,2012,1,2,1,1,2,1,1,1,U,2
Ražanj,2013,1,2,1,1,2,1,1,1,U,2
Ražanj,2014,1,2,1,1,2,1,1,1,U,2
Ražanj,2015,1,2,1,1,2,2,1,1,U,3
Ražanj,2016,1,2,1,1,1,2,1,2,U,2
Ražanj,2017,1,2,1,1,1,2,1,2,U,3
Ražanj,2018,1,2,1,1,1,3,1,3,U,2
Ražanj,2019,1,2,1,1,1,3,1,U,U,2
Ražanj,2020,1,3,1,1,1,3,1,U,U,2
Ražanj,2021,1,3,1,1,1,3,1,U,U,3
Svrljig,2012,1,2,1,3,1,1,3,1,2,1
Svrljig,2013,1,2,1,3,1,2,3,2,3,2
Svrljig,2014,1,2,1,3,1,2,3,2,3,2
Svrljig,2015,1,2,1,3,1,2,3,2,3,2
Svrljig,2016,1,2,1,3,1,2,3,2,3,3
Svrljig,2017,1,2,1,3,1,2,3,2,2,3
Svrljig,2018,1,2,1,3,1,2,3,2,2,2
Svrljig,2019,1,2,1,3,1,2,3,U,2,1
Svrljig,2020,1,2,1,3,1,3,3,U,3,2
Svrljig,2021,1,2,1,3,1,2,3,U,3,2
Pirot,2012,1,3,1,3,2,2,1,1,2,2
Pirot,2013,1,3,1,3,2,2,2,1,2,2
Pirot,2014,2,3,1,3,2,2,2,1,2,2
Pirot,2015,2,3,1,3,2,2,2,1,2,2
Pirot,2016,2,3,2,3,2,2,2,1,1,2
Pirot,2017,2,3,2,3,2,2,3,2,1,2
Pirot,2018,2,3,2,3,2,2,3,2,1,2
Pirot,2019,2,3,2,3,2,2,3,U,1,2
Pirot,2020,2,3,2,3,2,2,3,U,1,2
Pirot,2021,2,3,2,3,1,2,2,U,1,2
Babušnica,2012,1,2,1,1,1,3,3,1,3,1
Babušnica,2013,1,2,1,1,1,3,3,1,3,1
Babušnica,2014,1,2,1,1,1,3,3,1,3,1
Babušnica,2015,1,2,1,1,1,3,3,1,3,1
Babušnica,2016,1,2,1,1,1,3,3,1,3,1
Babušnica,2017,1,2,1,1,1,3,3,2,3,2
Babušnica,2018,1,2,1,1,1,3,3,2,3,1
Babušnica,2019,1,2,1,1,1,3,3,U,3,1
Babušnica,2020,1,2,1,1,1,3,3,U,3,1
Babušnica,2021,1,2,1,1,1,3,3,U,3,2
BelaPalanka,2012,1,3,1,2,1,2,U,1,3,2
BelaPalanka,2013,1,3,1,2,1,2,3,1,3,2
BelaPalanka,2014,1,3,1,2,1,3,3,1,3,2
BelaPalanka,2015,1,3,1,2,1,3,3,1,3,2
BelaPalanka,2016,1,3,1,2,1,3,3,1,U,2
BelaPalanka,2017,1,3,1,2,1,3,3,2,U,2
BelaPalanka,2018,1,2,1,2,1,3,3,2,U,1
BelaPalanka,2019,1,3,1,2,1,3,3,U,U,1
BelaPalanka,2020,1,2,1,2,1,3,3,U,U,1
BelaPalanka,2021,1,2,1,2,1,3,3,U,U,2
Dimitrovgrad,2012,1,3,1,3,1,1,3,1,2,3
Dimitrovgrad,2013,1,2,1,3,1,2,3,1,2,2
Dimitrovgrad,2014,1,2,1,3,1,3,3,2,2,3
Dimitrovgrad,2015,1,2,1,3,1,3,3,2,2,2
Dimitrovgrad,2016,1,2,1,3,1,3,3,2,U,2
Dimitrovgrad,2017,1,2,1,2,1,3,2,2,U,3
Dimitrovgrad,2018,1,2,1,2,1,3,3,2,U,2
Dimitrovgrad,2019,1,2,1,2,1,3,3,U,U,2
Dimitrovgrad,2020,1,2,1,2,1,2,3,U,U,2
Dimitrovgrad,2021,1,2,1,2,1,2,2,U,U,2
Smederevo,2012,3,3,3,2,3,2,2,1,1,3
Smederevo,2013,3,3,3,2,3,2,2,1,2,2
Smederevo,2014,3,3,3,2,3,2,2,1,2,2
Smederevo,2015,3,3,3,2,3,2,2,2,2,2
Smederevo,2016,3,3,3,2,3,2,2,3,2,2
Smederevo,2017,3,3,3,2,3,2,2,3,1,2
Smederevo,2018,3,3,3,2,3,3,2,3,1,2
Smederevo,2019,3,3,3,2,3,2,2,U,1,2
Smederevo,2020,3,3,3,2,3,3,2,U,1,2
Smederevo,2021,3,3,3,2,3,3,2,U,1,2
VelikaPlana,2012,3,2,3,2,2,2,3,1,1,2
VelikaPlana,2013,3,2,3,2,2,2,3,1,2,1
VelikaPlana,2014,3,2,3,2,2,2,3,1,2,2
VelikaPlana,2015,3,1,3,2,2,2,3,2,2,2
VelikaPlana,2016,3,1,3,2,2,2,3,3,2,2
VelikaPlana,2017,3,1,3,2,2,2,3,3,1,2
VelikaPlana,2018,2,1,3,2,2,2,3,3,1,2
VelikaPlana,2019,3,1,3,2,2,2,3,U,1,2
VelikaPlana,2020,3,1,3,2,2,2,3,U,1,2
VelikaPlana,2021,3,1,3,2,2,2,3,U,1,2
SmederevskaPalanka,2012,3,3,3,2,3,1,2,1,U,2
SmederevskaPalanka,2013,3,3,3,1,3,1,2,1,U,1
SmederevskaPalanka,2014,3,3,3,1,3,1,2,2,U,2
SmederevskaPalanka,2015,3,3,3,1,3,1,2,3,U,1
SmederevskaPalanka,2016,3,3,3,1,3,1,2,3,U,1
SmederevskaPalanka,2017,3,3,3,1,3,1,2,3,U,2
SmederevskaPalanka,2018,2,3,3,1,3,2,2,3,U,2
SmederevskaPalanka,2019,2,3,3,1,2,2,2,U,U,1
SmederevskaPalanka,2020,2,3,3,1,2,2,2,U,U,1
SmederevskaPalanka,2021,3,3,3,1,2,2,2,U,U,2
Vranje,2013,U,U,U,3,2,U,U,1,U,2
Vranje,2014,U,U,U,3,2,U,U,2,U,2
Vranje,2015,U,U,U,3,2,U,U,3,U,2
Vranje,2016,U,U,U,3,2,U,U,3,U,2
Vranje,2017,U,U,U,3,2,U,U,3,U,2
Vranje,2018,1,U,1,3,2,U,U,3,U,2
Vranje,2019,U,U,U,3,2,U,U,U,U,2
Vranje,2020,U,U,U,3,2,U,U,U,U,1
Vranje,2021,U,U,U,3,2,U,U,U,U,2
VranjskaBanja,2013,U,U,U,2,2,U,U,1,U,2
VranjskaBanja,2014,U,U,U,2,2,U,U,1,U,1
VranjskaBanja,2015,U,U,U,2,2,U,U,3,U,1
VranjskaBanja,2016,U,U,U,1,2,U,U,3,U,1
VranjskaBanja,2017,U,U,U,1,2,U,U,3,U,1
VranjskaBanja,2018,1,U,1,1,2,U,U,3,U,2
VranjskaBanja,2019,U,U,U,1,2,U,U,U,U,1
VranjskaBanja,2020,U,U,U,1,2,U,U,U,U,1
VranjskaBanja,2021,U,U,U,1,2,U,U,U,U,1
Bosilegrad,2012,1,2,1,2,1,3,2,1,U,1
Bosilegrad,2013,1,2,1,2,1,3,3,1,U,2
Bosilegrad,2014,1,2,1,2,1,3,3,1,U,1
Bosilegrad,2015,1,2,1,2,1,3,3,1,U,1
Bosilegrad,2016,1,2,1,2,1,3,3,1,U,1
Bosilegrad,2017,1,2,1,2,1,3,3,1,U,1
Bosilegrad,2018,1,2,1,2,1,3,2,1,U,1
Bosilegrad,2019,1,3,1,2,1,3,3,U,U,2
Bosilegrad,2020,1,2,1,2,1,3,3,U,U,1
Bosilegrad,2021,1,3,1,2,1,3,3,U,U,1
Bujanovac,2012,1,2,2,2,3,1,2,2,1,2
Bujanovac,2013,2,2,2,2,3,2,2,2,1,2
Bujanovac,2014,2,2,2,2,3,2,2,2,1,1
Bujanovac,2015,2,2,2,2,3,2,2,2,1,2
Bujanovac,2016,2,2,2,2,3,2,2,2,1,2
Bujanovac,2017,2,2,2,2,3,2,2,3,1,2
Bujanovac,2018,2,2,2,2,3,2,3,3,1,2
Bujanovac,2019,2,2,2,2,3,2,3,U,1,2
Bujanovac,2020,2,2,2,2,3,1,3,U,1,2
Bujanovac,2021,2,2,2,1,3,1,3,U,1,2
VladičinHan,2012,1,2,1,2,2,3,3,1,3,2
VladičinHan,2013,1,2,1,2,2,3,3,1,2,1
VladičinHan,2014,1,2,1,2,2,3,3,1,3,1
VladičinHan,2015,1,2,2,2,1,3,2,1,3,2
VladičinHan,2016,2,2,2,2,1,3,3,2,1,1
VladičinHan,2017,2,2,2,2,1,3,3,2,1,2
VladičinHan,2018,1,2,2,2,1,3,3,2,1,1
VladičinHan,2019,2,2,2,2,1,3,3,U,1,2
VladičinHan,2020,2,2,2,2,1,3,3,U,1,1
VladičinHan,2021,2,2,2,1,1,3,3,U,1,1
Preševo,2012,2,2,2,2,3,1,3,2,2,2
Preševo,2013,2,2,2,2,3,1,3,2,3,2
Preševo,2014,2,2,3,2,3,1,3,2,3,2
Preševo,2015,2,2,3,2,3,1,3,3,3,2
Preševo,2016,2,2,3,2,3,1,3,3,1,2
Preševo,2017,2,2,3,2,3,1,3,3,1,2
Preševo,2018,2,2,3,2,3,1,3,3,1,2
Preševo,2019,2,2,3,2,3,1,3,U,1,2
Preševo,2020,2,2,3,2,3,1,3,U,1,2
Preševo,2021,2,2,3,2,3,1,3,U,1,2
Surdulica,2012,1,3,1,1,1,2,2,1,3,1
Surdulica,2013,1,3,1,1,1,2,3,1,U,1
Surdulica,2014,1,3,1,1,1,2,3,2,3,1
Surdulica,2015,1,3,1,1,1,2,3,1,3,1
Surdulica,2016,1,3,1,1,1,1,3,2,3,1
Surdulica,2017,1,3,1,1,1,2,3,2,3,2
Surdulica,2018,1,3,1,1,1,3,3,2,3,2
Surdulica,2019,1,3,1,1,1,3,3,U,3,1
Surdulica,2020,1,3,1,1,1,3,3,U,3,1
Surdulica,2021,1,3,1,1,1,3,3,U,3,2
Trgovište,2012,1,1,1,1,1,3,2,1,U,1
Trgovište,2013,1,1,1,1,1,3,1,1,U,1
Trgovište,2014,1,1,1,1,1,3,2,1,U,1
Trgovište,2015,1,2,1,1,1,3,2,1,U,1
Trgovište,2016,1,2,1,1,1,3,3,1,U,2
Trgovište,2017,1,2,1,1,1,2,3,1,U,1
Trgovište,2018,1,2,1,1,1,3,3,1,U,1
Trgovište,2019,1,2,1,1,1,3,3,U,U,1
Trgovište,2020,1,2,1,1,1,2,3,U,U,2
Trgovište,2021,1,2,1,1,1,3,3,U,U,2
Prokuplje,2012,1,3,2,3,2,3,2,1,1,2
Prokuplje,2013,1,3,2,3,2,3,2,1,2,2
Prokuplje,2014,1,3,2,3,2,3,2,1,2,1
Prokuplje,2015,1,3,2,3,2,3,2,1,2,1
Prokuplje,2016,1,3,2,3,2,3,2,1,2,2
Prokuplje,2017,1,3,2,3,2,3,2,2,2,2
Prokuplje,2018,1,3,2,2,2,3,2,2,2,1
Prokuplje,2019,1,3,2,2,2,3,2,U,2,1
Prokuplje,2020,2,3,2,2,2,3,2,U,2,1
Prokuplje,2021,2,3,2,2,2,3,1,U,2,2
Blace,2012,1,2,1,3,1,3,2,1,2,2
Blace,2013,1,2,1,3,1,3,2,1,2,2
Blace,2014,1,2,1,3,1,3,2,1,2,2
Blace,2015,1,2,1,3,1,3,2,1,2,2
Blace,2016,1,2,1,3,1,3,2,1,2,2
Blace,2017,1,2,1,3,1,3,3,1,3,1
Blace,2018,1,2,1,3,1,3,3,1,3,2
Blace,2019,1,2,1,3,1,3,3,U,3,2
Blace,2020,1,2,1,3,1,3,3,U,3,1
Blace,2021,1,2,1,3,1,3,3,U,3,2
Žitorađa,2012,1,2,2,3,2,3,3,1,U,2
Žitorađa,2013,1,2,2,3,2,3,3,1,U,2
Žitorađa,2014,1,1,2,3,2,3,3,1,U,1
Žitorađa,2015,1,1,2,3,2,3,3,2,U,2
Žitorađa,2016,1,1,2,3,2,3,3,2,U,2
Žitorađa,2017,1,1,2,3,2,3,3,3,U,2
Žitorađa,2018,1,1,2,3,2,3,3,3,U,1
Žitorađa,2019,1,1,2,3,2,3,3,U,U,2
Žitorađa,2020,2,1,2,3,2,3,3,U,U,2
Žitorađa,2021,2,1,2,3,2,3,3,U,U,2
Kuršumlija,2012,1,2,1,3,2,3,2,1,3,2
Kuršumlija,2013,1,2,1,3,1,3,3,1,3,1
Kuršumlija,2014,1,2,1,3,1,3,3,1,3,2
Kuršumlija,2015,1,2,1,3,1,3,2,1,3,2
Kuršumlija,2016,1,2,1,3,1,3,2,1,3,1
Kuršumlija,2017,1,2,1,3,1,3,2,1,3,2
Kuršumlija,2018,1,2,1,3,1,3,2,2,3,2
Kuršumlija,2019,1,2,1,3,1,3,2,U,3,1
Kuršumlija,2020,1,2,1,3,1,3,2,U,3,1
Kuršumlija,2021,1,2,1,3,1,3,2,U,3,1
